"z","Points:0","Points:1","Points:2"
1328.2,-4.99e+05,-2.1352e+05,0
1341.3,-4.9778e+05,-2.13e+05,0
1370.3,-4.97e+05,-2.1267e+05,0
1416.6,-4.95e+05,-2.1181e+05,0
925.69,-4.9311e+05,-2.11e+05,0
902.81,-4.93e+05,-2.1095e+05,0
619.18,-4.91e+05,-2.101e+05,0
695.76,-4.89e+05,-2.0924e+05,0
787.36,-4.8843e+05,-2.09e+05,0
1030.8,-4.87e+05,-2.0839e+05,0
1289.3,-4.85e+05,-2.0753e+05,0
1259.5,-4.8376e+05,-2.07e+05,0
1234.3,-4.83e+05,-2.0668e+05,0
1275.7,-4.81e+05,-2.0582e+05,0
1244.6,-4.7908e+05,-2.05e+05,0
1243.2,-4.79e+05,-2.0496e+05,0
1230.9,-4.77e+05,-2.0411e+05,0
1193.4,-4.75e+05,-2.0325e+05,0
1216.9,-4.7441e+05,-2.03e+05,0
1229.7,-4.73e+05,-2.024e+05,0
1071.6,-4.71e+05,-2.0154e+05,0
1068,-4.6974e+05,-2.01e+05,0
1068,-4.69e+05,-2.0068e+05,0
889.72,-4.67e+05,-1.9983e+05,0
591.38,-4.6506e+05,-1.99e+05,0
582.12,-4.65e+05,-1.9897e+05,0
586.03,-4.63e+05,-1.9812e+05,0
937.51,-4.61e+05,-1.9726e+05,0
962.45,-4.6039e+05,-1.97e+05,0
971.93,-4.59e+05,-1.9641e+05,0
807.57,-4.57e+05,-1.9555e+05,0
693.11,-4.5571e+05,-1.95e+05,0
669.39,-4.55e+05,-1.9469e+05,0
1049,-4.53e+05,-1.9384e+05,0
1092.9,-4.5104e+05,-1.93e+05,0
1093,-4.51e+05,-1.9298e+05,0
1214,-4.49e+05,-1.9213e+05,0
1386.8,-4.47e+05,-1.9127e+05,0
1434.3,-4.4637e+05,-1.91e+05,0
1507,-4.45e+05,-1.9042e+05,0
1463.6,-4.43e+05,-1.8956e+05,0
1370.1,-4.4169e+05,-1.89e+05,0
1300.5,-4.41e+05,-1.887e+05,0
1282.4,-4.39e+05,-1.8785e+05,0
1493.9,-4.3702e+05,-1.87e+05,0
1496.2,-4.37e+05,-1.8699e+05,0
1214.8,-4.35e+05,-1.8614e+05,0
1357.4,-4.33e+05,-1.8528e+05,0
1419.3,-4.3234e+05,-1.85e+05,0
1601.7,-4.31e+05,-1.8442e+05,0
1808.1,-4.29e+05,-1.8357e+05,0
2081.1,-4.2767e+05,-1.83e+05,0
2234.5,-4.27e+05,-1.8271e+05,0
2372.7,-4.25e+05,-1.8186e+05,0
2151.6,-4.23e+05,-1.81e+05,0
2150.9,-4.23e+05,-1.81e+05,0
1744.6,-4.21e+05,-1.8015e+05,0
1623.9,-4.19e+05,-1.7929e+05,0
1671.9,-4.1832e+05,-1.79e+05,0
1803.9,-4.17e+05,-1.7843e+05,0
2003.8,-4.15e+05,-1.7758e+05,0
2239.2,-4.1365e+05,-1.77e+05,0
2344.9,-4.13e+05,-1.7672e+05,0
1961.3,-4.11e+05,-1.7587e+05,0
1531,-4.09e+05,-1.7501e+05,0
1532.2,-4.0897e+05,-1.75e+05,0
1591.1,-4.07e+05,-1.7416e+05,0
1026.1,-4.05e+05,-1.733e+05,0
921.04,-4.043e+05,-1.73e+05,0
727.14,-4.03e+05,-1.7244e+05,0
823.11,-4.01e+05,-1.7159e+05,0
899.7,-3.9963e+05,-1.71e+05,0
935.99,-3.99e+05,-1.7073e+05,0
1075.9,-3.97e+05,-1.6988e+05,0
984.59,-3.95e+05,-1.6902e+05,0
983.75,-3.9495e+05,-1.69e+05,0
964.69,-3.93e+05,-1.6816e+05,0
984.2,-3.91e+05,-1.6731e+05,0
1002.5,-3.9028e+05,-1.67e+05,0
1077,-3.89e+05,-1.6645e+05,0
1171.1,-3.87e+05,-1.656e+05,0
1129.6,-3.856e+05,-1.65e+05,0
1115.8,-3.85e+05,-1.6474e+05,0
1155.6,-3.83e+05,-1.6389e+05,0
1267.2,-3.81e+05,-1.6303e+05,0
1273.7,-3.8093e+05,-1.63e+05,0
1400.2,-3.79e+05,-1.6217e+05,0
1219.1,-3.77e+05,-1.6132e+05,0
1097.6,-3.7626e+05,-1.61e+05,0
924,-3.75e+05,-1.6046e+05,0
724.02,-3.73e+05,-1.5961e+05,0
685.79,-3.7158e+05,-1.59e+05,0
676.79,-3.71e+05,-1.5875e+05,0
683.16,-3.69e+05,-1.5789e+05,0
736.52,-3.67e+05,-1.5704e+05,0
742.63,-3.6691e+05,-1.57e+05,0
899.63,-3.65e+05,-1.5618e+05,0
825.03,-3.63e+05,-1.5533e+05,0
777.32,-3.6223e+05,-1.55e+05,0
675.85,-3.61e+05,-1.5447e+05,0
550.3,-3.59e+05,-1.5362e+05,0
387.7,-3.5756e+05,-1.53e+05,0
321.27,-3.57e+05,-1.5276e+05,0
355.73,-3.55e+05,-1.519e+05,0
315.21,-3.53e+05,-1.5105e+05,0
328.36,-3.5289e+05,-1.51e+05,0
546.61,-3.51e+05,-1.5019e+05,0
805.06,-3.49e+05,-1.4934e+05,0
928.39,-3.4821e+05,-1.49e+05,0
1115.4,-3.47e+05,-1.4848e+05,0
1318.3,-3.45e+05,-1.4763e+05,0
1138.8,-3.4354e+05,-1.47e+05,0
1061.8,-3.43e+05,-1.4677e+05,0
826.1,-3.41e+05,-1.4591e+05,0
624.66,-3.39e+05,-1.4506e+05,0
621.49,-3.3886e+05,-1.45e+05,0
594.02,-3.37e+05,-1.442e+05,0
621.4,-3.35e+05,-1.4335e+05,0
631.08,-3.3419e+05,-1.43e+05,0
645.37,-3.33e+05,-1.4249e+05,0
605.02,-3.31e+05,-1.4163e+05,0
499.82,-3.2952e+05,-1.41e+05,0
457.19,-3.29e+05,-1.4078e+05,0
563.67,-3.27e+05,-1.3992e+05,0
466.51,-3.25e+05,-1.3907e+05,0
467.23,-3.2484e+05,-1.39e+05,0
531.84,-3.23e+05,-1.3821e+05,0
706.96,-3.21e+05,-1.3736e+05,0
715.66,-3.2017e+05,-1.37e+05,0
709.07,-3.19e+05,-1.365e+05,0
498.07,-3.17e+05,-1.3564e+05,0
333.55,-3.1549e+05,-1.35e+05,0
286.73,-3.15e+05,-1.3479e+05,0
220.43,-3.13e+05,-1.3393e+05,0
175.64,-3.11e+05,-1.3308e+05,0
180.5,-3.1082e+05,-1.33e+05,0
216.57,-3.09e+05,-1.3222e+05,0
262.61,-3.07e+05,-1.3137e+05,0
220.92,-3.0615e+05,-1.31e+05,0
204.75,-3.05e+05,-1.3051e+05,0
448.34,-3.03e+05,-1.2965e+05,0
540.74,-3.0147e+05,-1.29e+05,0
569.73,-3.01e+05,-1.288e+05,0
900,-2.99e+05,-1.2794e+05,0
1224.6,-2.97e+05,-1.2709e+05,0
1184.5,-2.968e+05,-1.27e+05,0
753.08,-2.95e+05,-1.2623e+05,0
1282.3,-2.93e+05,-1.2537e+05,0
1227.9,-2.9212e+05,-1.25e+05,0
1112,-2.91e+05,-1.2452e+05,0
881.06,-2.89e+05,-1.2366e+05,0
916.86,-2.8745e+05,-1.23e+05,0
930.67,-2.87e+05,-1.2281e+05,0
848.69,-2.85e+05,-1.2195e+05,0
1053.3,-2.83e+05,-1.211e+05,0
1060.3,-2.8278e+05,-1.21e+05,0
1117.7,-2.81e+05,-1.2024e+05,0
860.85,-2.79e+05,-1.1938e+05,0
861.69,-2.781e+05,-1.19e+05,0
911.9,-2.77e+05,-1.1853e+05,0
1029.1,-2.75e+05,-1.1767e+05,0
897.26,-2.7343e+05,-1.17e+05,0
848.99,-2.73e+05,-1.1682e+05,0
1120.5,-2.71e+05,-1.1596e+05,0
1159,-2.69e+05,-1.1511e+05,0
1141.2,-2.6875e+05,-1.15e+05,0
993.83,-2.67e+05,-1.1425e+05,0
782.2,-2.65e+05,-1.1339e+05,0
701.57,-2.6408e+05,-1.13e+05,0
623.57,-2.63e+05,-1.1254e+05,0
807.42,-2.61e+05,-1.1168e+05,0
773.8,-2.5941e+05,-1.11e+05,0
765.69,-2.59e+05,-1.1083e+05,0
616.55,-2.57e+05,-1.0997e+05,0
700.19,-2.55e+05,-1.0911e+05,0
686.77,-2.5473e+05,-1.09e+05,0
654.86,-2.53e+05,-1.0826e+05,0
798.12,-2.51e+05,-1.074e+05,0
838.5,-2.5006e+05,-1.07e+05,0
860.74,-2.49e+05,-1.0655e+05,0
780.11,-2.47e+05,-1.0569e+05,0
612.1,-2.4538e+05,-1.05e+05,0
576.96,-2.45e+05,-1.0484e+05,0
671.99,-2.43e+05,-1.0398e+05,0
797.22,-2.41e+05,-1.0312e+05,0
798.88,-2.4071e+05,-1.03e+05,0
769.68,-2.39e+05,-1.0227e+05,0
962.93,-2.37e+05,-1.0141e+05,0
1037.6,-2.3604e+05,-1.01e+05,0
1082.9,-2.35e+05,-1.0056e+05,0
879.39,-2.33e+05,-99701,0
827.27,-2.3136e+05,-99000,0
821.37,-2.31e+05,-98845,0
621.06,-2.29e+05,-97989,0
498.04,-2.27e+05,-97133,0
484.59,-2.2669e+05,-97000,0
414.3,-2.25e+05,-96277,0
404.78,-2.23e+05,-95422,0
350.09,-2.2201e+05,-95000,0
308.56,-2.21e+05,-94566,0
293.6,-2.19e+05,-93710,0
251.69,-2.1734e+05,-93000,0
249.49,-2.17e+05,-92854,0
385.59,-2.15e+05,-91998,0
537.75,-2.13e+05,-91143,0
553.93,-2.1267e+05,-91000,0
659.49,-2.11e+05,-90287,0
613.6,-2.09e+05,-89431,0
581.5,-2.0799e+05,-89000,0
551.35,-2.07e+05,-88575,0
515.54,-2.05e+05,-87719,0
508.26,-2.0332e+05,-87000,0
506.65,-2.03e+05,-86864,0
503.52,-2.01e+05,-86008,0
510.68,-1.99e+05,-85152,0
510.88,-1.9864e+05,-85000,0
514.08,-1.97e+05,-84296,0
774.32,-1.95e+05,-83440,0
860.33,-1.9397e+05,-83000,0
938.82,-1.93e+05,-82585,0
948.34,-1.91e+05,-81729,0
883.46,-1.893e+05,-81000,0
870.18,-1.89e+05,-80873,0
732.48,-1.87e+05,-80017,0
769.84,-1.85e+05,-79161,0
783.91,-1.8462e+05,-79000,0
866.77,-1.83e+05,-78306,0
764.88,-1.81e+05,-77450,0
668.33,-1.7995e+05,-77000,0
571.12,-1.79e+05,-76594,0
455.51,-1.77e+05,-75738,0
369.8,-1.7527e+05,-75000,0
355.24,-1.75e+05,-74882,0
318.98,-1.73e+05,-74027,0
269.62,-1.71e+05,-73171,0
260.16,-1.706e+05,-73000,0
217.04,-1.69e+05,-72315,0
202.02,-1.67e+05,-71459,0
196.34,-1.6593e+05,-71000,0
190.12,-1.65e+05,-70603,0
201.42,-1.63e+05,-69748,0
222.85,-1.6125e+05,-69000,0
229.11,-1.61e+05,-68892,0
274.18,-1.59e+05,-68036,0
258.25,-1.57e+05,-67180,0
252.64,-1.5658e+05,-67000,0
231.47,-1.55e+05,-66324,0
408.04,-1.53e+05,-65469,0
477.22,-1.519e+05,-65000,0
517.54,-1.51e+05,-64613,0
541.51,-1.49e+05,-63757,0
529.65,-1.4723e+05,-63000,0
529.34,-1.47e+05,-62901,0
493.69,-1.45e+05,-62045,0
495.55,-1.43e+05,-61190,0
493.86,-1.4256e+05,-61000,0
479.83,-1.41e+05,-60334,0
428.04,-1.39e+05,-59478,0
423.23,-1.3788e+05,-59000,0
421.79,-1.37e+05,-58622,0
350.83,-1.35e+05,-57766,0
268.77,-1.3321e+05,-57000,0
261.46,-1.33e+05,-56911,0
127.74,-1.31e+05,-56055,0
25.298,-1.29e+05,-55199,0
21.466,-1.2853e+05,-55000,0
11.602,-1.27e+05,-54343,0
5.7205,-1.25e+05,-53487,0
-3.9362,-1.2386e+05,-53000,0
-9.5917,-1.23e+05,-52632,0
-10.011,-1.21e+05,-51776,0
-14.636,-1.1919e+05,-51000,0
-15.122,-1.19e+05,-50920,0
-20.738,-1.17e+05,-50064,0
-25.357,-1.15e+05,-49208,0
-25.949,-1.1451e+05,-49000,0
-27.898,-1.13e+05,-48353,0
-30.959,-1.11e+05,-47497,0
-31.919,-1.0984e+05,-47000,0
-32.675,-1.09e+05,-46641,0
-35.377,-1.07e+05,-45785,0
-35.988,-1.0516e+05,-45000,0
-36.033,-1.05e+05,-44929,0
-39.395,-1.03e+05,-44074,0
-42.388,-1.01e+05,-43218,0
-43.535,-1.0049e+05,-43000,0
-46.543,-99000,-42362,0
-48.412,-97000,-41506,0
-50.274,-95817,-41000,0
-51.736,-95000,-40650,0
-60.871,-93000,-39795,0
-66.789,-91143,-39000,0
-67.249,-91000,-38939,0
-81.843,-89000,-38083,0
-90.523,-87000,-37227,0
-92.603,-86469,-37000,0
-98.261,-85000,-36371,0
-106.67,-83000,-35516,0
-114.38,-81795,-35000,0
-119.41,-81000,-34660,0
-127.19,-79000,-33804,0
-129.43,-77121,-33000,0
-129.62,-77000,-32948,0
-131.4,-75000,-32092,0
-130.86,-73000,-31237,0
-131.05,-72447,-31000,0
-131.78,-71000,-30381,0
-136.93,-69000,-29525,0
-138.16,-67773,-29000,0
-139.16,-67000,-28669,0
-141.31,-65000,-27813,0
-145.29,-63099,-27000,0
-145.49,-63000,-26958,0
-147.12,-61000,-26102,0
-149.79,-59000,-25246,0
-151.39,-58425,-25000,0
-155.38,-57000,-24390,0
-163.21,-55000,-23534,0
-169.61,-53751,-23000,0
-173.66,-53000,-22679,0
-185.52,-51000,-21823,0
-194.54,-49077,-21000,0
-194.89,-49000,-20967,0
-203.06,-47000,-20111,0
-213.28,-45000,-19255,0
-216.36,-44403,-19000,0
-224.07,-43000,-18400,0
-235.6,-41000,-17544,0
-242.75,-39729,-17000,0
-246.89,-39000,-16688,0
-261.36,-37000,-15832,0
-281.08,-35055,-15000,0
-281.6,-35000,-14976,0
-302.34,-33000,-14121,0
-323.7,-31000,-13265,0
-331.87,-30381,-13000,0
-350.7,-29000,-12409,0
-381.22,-27000,-11553,0
-401.84,-25707,-11000,0
-413.14,-25000,-10697,0
-457.6,-23000,-9841.7,0
-498.8,-21033,-9000,0
-499.5,-21000,-8985.9,0
-550.35,-19000,-8130.1,0
-628.92,-17000,-7274.3,0
-656.97,-16359,-7000,0
-717.03,-15000,-6418.5,0
-788.27,-13000,-5562.7,0
-811.56,-11685,-5000,0
-823.58,-11000,-4706.9,0
-854.8,-9000,-3851.1,0
-879.21,-7011,-3000,0
-879.34,-7000,-2995.3,0
-905.36,-5000,-2139.5,0
-945.49,-3000,-1283.7,0
-953.42,-2337,-1000,0
-968.75,-1000,-427.9,0
-994.25,1000,427.9,0
-1006.4,2337,1000,0
-1012.7,3000,1283.7,0
-1053.4,5000,2139.5,0
-1085.9,7000,2995.3,0
-1086.1,7011,3000,0
-1122.4,9000,3851.1,0
-1171.2,11000,4706.9,0
-1180.4,11685,5000,0
-1196,13000,5562.7,0
-1219.8,15000,6418.5,0
-1231.7,16359,7000,0
-1237.9,17000,7274.3,0
-1248.3,19000,8130.1,0
-1281.8,21000,8985.9,0
-1282.5,21033,9000,0
-1320.9,23000,9841.7,0
-1349.6,25000,10697,0
-1365.7,25707,11000,0
-1396.8,27000,11553,0
-1423.8,29000,12409,0
-1425.8,30381,13000,0
-1425.9,31000,13265,0
-1438.2,33000,14121,0
-1454.2,35000,14976,0
-1454.5,35055,15000,0
-1465.7,37000,15832,0
-1469.8,39000,16688,0
-1478.2,39729,17000,0
-1492.7,41000,17544,0
-1491.4,43000,18400,0
-1499,44403,19000,0
-1503.3,45000,19255,0
-1546.2,47000,20111,0
-1601.7,49000,20967,0
-1604.2,49077,21000,0
-1658.8,51000,21823,0
-1727.9,53000,22679,0
-1756,53751,23000,0
-1797.4,55000,23534,0
-1923.5,57000,24390,0
-1989.8,58425,25000,0
-2016.8,59000,25246,0
-2105.1,61000,26102,0
-2184.5,63000,26958,0
-2186.3,63099,27000,0
-2217.3,65000,27813,0
-2239,67000,28669,0
-2239.5,67773,29000,0
-2241.9,69000,29525,0
-2247.6,71000,30381,0
-2246.8,72447,31000,0
-2247.9,73000,31237,0
-2241.1,75000,32092,0
-2229.3,77000,32948,0
-2228.5,77121,33000,0
-2217.3,79000,33804,0
-2219.5,81000,34660,0
-2229.7,81795,35000,0
-2247.2,83000,35516,0
-2273,85000,36371,0
-2296.3,86469,37000,0
-2305,87000,37227,0
-2335.4,89000,38083,0
-2375.6,91000,38939,0
-2381,91143,39000,0
-2443.9,93000,39795,0
-2572,95000,40650,0
-2607.8,95817,41000,0
-2654.5,97000,41506,0
-2771.5,99000,42362,0
-2879,1.0049e+05,43000,0
-2919.4,1.01e+05,43218,0
-3021.2,1.03e+05,44074,0
-3181.6,1.05e+05,44929,0
-3191.8,1.0516e+05,45000,0
-3304.5,1.07e+05,45785,0
-3446.9,1.09e+05,46641,0
-3463.1,1.0984e+05,47000,0
-3479.6,1.11e+05,47497,0
-3607.4,1.13e+05,48353,0
-3770.6,1.1451e+05,49000,0
-3828.8,1.15e+05,49208,0
-4120.1,1.17e+05,50064,0
-4606.6,1.19e+05,50920,0
-4638.3,1.1919e+05,51000,0
-4933.7,1.21e+05,51776,0
-5117.5,1.23e+05,52632,0
-5209.2,1.2386e+05,53000,0
-5336.5,1.25e+05,53487,0
-5442.3,1.27e+05,54343,0
-5750.7,1.2853e+05,55000,0
-5844.6,1.29e+05,55199,0
-6047.6,1.31e+05,56055,0
-6056.5,1.33e+05,56911,0
-6083.4,1.3321e+05,57000,0
-6256.7,1.35e+05,57766,0
-6416.8,1.37e+05,58622,0
-6422.3,1.3788e+05,59000,0
-6430.4,1.39e+05,59478,0
-6427.8,1.41e+05,60334,0
-6486.8,1.4256e+05,61000,0
-6505.9,1.43e+05,61190,0
-6852.1,1.45e+05,62045,0
-7250.3,1.47e+05,62901,0
-7260.7,1.4723e+05,63000,0
-7333.1,1.49e+05,63757,0
-7385.8,1.51e+05,64613,0
-7455.6,1.519e+05,65000,0
-7543.5,1.53e+05,65469,0
-7646.9,1.55e+05,66324,0
-7473.1,1.5658e+05,67000,0
-7417.9,1.57e+05,67180,0
-7389.5,1.59e+05,68036,0
-7373.1,1.61e+05,68892,0
-7350.7,1.6125e+05,69000,0
-7200.3,1.63e+05,69748,0
-7061.7,1.65e+05,70603,0
-7010.7,1.6593e+05,71000,0
-6945.9,1.67e+05,71459,0
-6744.2,1.69e+05,72315,0
-6753.5,1.706e+05,73000,0
-6757,1.71e+05,73171,0
-6817.2,1.73e+05,74027,0
-6732.4,1.75e+05,74882,0
-6716,1.7527e+05,75000,0
-6628.1,1.77e+05,75738,0
-6545.5,1.79e+05,76594,0
-6429.1,1.7995e+05,77000,0
-6291,1.81e+05,77450,0
-6289.2,1.83e+05,78306,0
-6253.5,1.8462e+05,79000,0
-6243.5,1.85e+05,79161,0
-6147.5,1.87e+05,80017,0
-6179.4,1.89e+05,80873,0
-6179.3,1.893e+05,81000,0
-6173.4,1.91e+05,81729,0
-6165.3,1.93e+05,82585,0
-6116.2,1.9397e+05,83000,0
-6064.4,1.95e+05,83440,0
-5975,1.97e+05,84296,0
-5946.7,1.9864e+05,85000,0
-5940.3,1.99e+05,85152,0
-5962.8,2.01e+05,86008,0
-5968.4,2.03e+05,86864,0
-5963.1,2.0332e+05,87000,0
-5936.4,2.05e+05,87719,0
-5889.6,2.07e+05,88575,0
-5823.9,2.0799e+05,89000,0
-5760.8,2.09e+05,89431,0
-5786.1,2.11e+05,90287,0
-5750.1,2.1267e+05,91000,0
-5742.7,2.13e+05,91143,0
-5653.3,2.15e+05,91998,0
-5640.3,2.17e+05,92854,0
-5632.8,2.1734e+05,93000,0
-5600.5,2.19e+05,93710,0
-5578.4,2.21e+05,94566,0
-5570.8,2.2201e+05,95000,0
-5562.9,2.23e+05,95422,0
-5546.3,2.25e+05,96277,0
-5537.9,2.2669e+05,97000,0
-5536.3,2.27e+05,97133,0
-5523.8,2.29e+05,97989,0
-5514.7,2.31e+05,98845,0
-5513.2,2.3136e+05,99000,0
-5508.6,2.33e+05,99701,0
-5496.4,2.35e+05,1.0056e+05,0
-5487.4,2.3604e+05,1.01e+05,0
-5477,2.37e+05,1.0141e+05,0
-5452,2.39e+05,1.0227e+05,0
-5456.8,2.4071e+05,1.03e+05,0
-5457.4,2.41e+05,1.0312e+05,0
-5437.9,2.43e+05,1.0398e+05,0
-5420.4,2.45e+05,1.0484e+05,0
-5417.4,2.4538e+05,1.05e+05,0
-5406.8,2.47e+05,1.0569e+05,0
-5393.4,2.49e+05,1.0655e+05,0
-5383,2.5006e+05,1.07e+05,0
-5371.4,2.51e+05,1.074e+05,0
-5361.1,2.53e+05,1.0826e+05,0
-5351.9,2.5473e+05,1.09e+05,0
-5350.8,2.55e+05,1.0911e+05,0
-5348.8,2.57e+05,1.0997e+05,0
-5329.7,2.59e+05,1.1083e+05,0
-5330.4,2.5941e+05,1.11e+05,0
-5327.1,2.61e+05,1.1168e+05,0
-5323.1,2.63e+05,1.1254e+05,0
-5317.8,2.6408e+05,1.13e+05,0
-5313.4,2.65e+05,1.1339e+05,0
-5316.6,2.67e+05,1.1425e+05,0
-5316.3,2.6875e+05,1.15e+05,0
-5316.2,2.69e+05,1.1511e+05,0
-5312.3,2.71e+05,1.1596e+05,0
-5340.2,2.73e+05,1.1682e+05,0
-5348.9,2.7343e+05,1.17e+05,0
-5381.3,2.75e+05,1.1767e+05,0
-5336.2,2.77e+05,1.1853e+05,0
-5328.3,2.781e+05,1.19e+05,0
-5322.7,2.79e+05,1.1938e+05,0
-5355.1,2.81e+05,1.2024e+05,0
-5382.1,2.8278e+05,1.21e+05,0
-5385.3,2.83e+05,1.211e+05,0
-5425.3,2.85e+05,1.2195e+05,0
-5445.9,2.87e+05,1.2281e+05,0
-5446.7,2.8745e+05,1.23e+05,0
-5447.4,2.89e+05,1.2366e+05,0
-5430.6,2.91e+05,1.2452e+05,0
-5414.5,2.9212e+05,1.25e+05,0
-5401.4,2.93e+05,1.2537e+05,0
-5368.1,2.95e+05,1.2623e+05,0
-5326.8,2.968e+05,1.27e+05,0
-5322.1,2.97e+05,1.2709e+05,0
-5286.4,2.99e+05,1.2794e+05,0
-5263.1,3.01e+05,1.288e+05,0
-5260.9,3.0147e+05,1.29e+05,0
-5253.6,3.03e+05,1.2965e+05,0
-5251.2,3.05e+05,1.3051e+05,0
-5247.6,3.0615e+05,1.31e+05,0
-5243.5,3.07e+05,1.3137e+05,0
-5236.5,3.09e+05,1.3222e+05,0
-5237.5,3.1082e+05,1.33e+05,0
-5237.7,3.11e+05,1.3308e+05,0
-5237.4,3.13e+05,1.3393e+05,0
-5232.5,3.15e+05,1.3479e+05,0
-5232.2,3.1549e+05,1.35e+05,0
-5231.2,3.17e+05,1.3564e+05,0
-5231.8,3.19e+05,1.365e+05,0
-5237.1,3.2017e+05,1.37e+05,0
-5241,3.21e+05,1.3736e+05,0
-5254.8,3.23e+05,1.3821e+05,0
-5261.5,3.2484e+05,1.39e+05,0
-5262.4,3.25e+05,1.3907e+05,0
-5274.3,3.27e+05,1.3992e+05,0
-5283.2,3.29e+05,1.4078e+05,0
-5283.4,3.2952e+05,1.41e+05,0
-5285.3,3.31e+05,1.4163e+05,0
-5281.4,3.33e+05,1.4249e+05,0
-5274.3,3.3419e+05,1.43e+05,0
-5268.8,3.35e+05,1.4335e+05,0
-5256.6,3.37e+05,1.442e+05,0
-5242.8,3.3886e+05,1.45e+05,0
-5241.6,3.39e+05,1.4506e+05,0
-5226.6,3.41e+05,1.4591e+05,0
-5216.8,3.43e+05,1.4677e+05,0
-5214.5,3.4354e+05,1.47e+05,0
-5208.4,3.45e+05,1.4763e+05,0
-5205.3,3.47e+05,1.4848e+05,0
-5206.9,3.4821e+05,1.49e+05,0
-5208.5,3.49e+05,1.4934e+05,0
-5213.3,3.51e+05,1.5019e+05,0
-5212.7,3.5289e+05,1.51e+05,0
-5212.8,3.53e+05,1.5105e+05,0
-5208,3.55e+05,1.519e+05,0
-5198.5,3.57e+05,1.5276e+05,0
-5196.8,3.5756e+05,1.53e+05,0
-5191.7,3.59e+05,1.5362e+05,0
-5182.5,3.61e+05,1.5447e+05,0
-5179.1,3.6223e+05,1.55e+05,0
-5177.3,3.63e+05,1.5533e+05,0
-5177.4,3.65e+05,1.5618e+05,0
-5173.3,3.6691e+05,1.57e+05,0
-5173.1,3.67e+05,1.5704e+05,0
-5177.5,3.69e+05,1.5789e+05,0
-5180.9,3.71e+05,1.5875e+05,0
-5184,3.7158e+05,1.59e+05,0
-5191.3,3.73e+05,1.5961e+05,0
-5211,3.75e+05,1.6046e+05,0
-5207.7,3.7626e+05,1.61e+05,0
-5204.2,3.77e+05,1.6132e+05,0
-5182.6,3.79e+05,1.6217e+05,0
-5181.2,3.8093e+05,1.63e+05,0
-5181.3,3.81e+05,1.6303e+05,0
-5191.2,3.83e+05,1.6389e+05,0
-5202.3,3.85e+05,1.6474e+05,0
-5204.1,3.856e+05,1.65e+05,0
-5205.6,3.87e+05,1.656e+05,0
-5206.5,3.89e+05,1.6645e+05,0
-5206.6,3.9028e+05,1.67e+05,0
-5207.3,3.91e+05,1.6731e+05,0
-5217.3,3.93e+05,1.6816e+05,0
-5217.8,3.9495e+05,1.69e+05,0
-5217.8,3.95e+05,1.6902e+05,0
-5217.3,3.97e+05,1.6988e+05,0
-5215,3.99e+05,1.7073e+05,0
-5214.8,3.9963e+05,1.71e+05,0
-5216.5,4.01e+05,1.7159e+05,0
-5221.9,4.03e+05,1.7244e+05,0
-5229.3,4.043e+05,1.73e+05,0
-5233.9,4.05e+05,1.733e+05,0
-5249.2,4.07e+05,1.7416e+05,0
-5266.4,4.0897e+05,1.75e+05,0
-5266.7,4.09e+05,1.7501e+05,0
-5283.7,4.11e+05,1.7587e+05,0
-5280.8,4.13e+05,1.7672e+05,0
-5278.7,4.1365e+05,1.77e+05,0
-5272.7,4.15e+05,1.7758e+05,0
-5257.5,4.17e+05,1.7843e+05,0
-5246.3,4.1832e+05,1.79e+05,0
-5240,4.19e+05,1.7929e+05,0
-5237.5,4.21e+05,1.8015e+05,0
-5242.1,4.23e+05,1.81e+05,0
-5242.1,4.23e+05,1.81e+05,0
-5248.8,4.25e+05,1.8186e+05,0
-5256.1,4.27e+05,1.8271e+05,0
-5257,4.2767e+05,1.83e+05,0
-5258.3,4.29e+05,1.8357e+05,0
-5262,4.31e+05,1.8442e+05,0
-5266.4,4.3234e+05,1.85e+05,0
-5269.2,4.33e+05,1.8528e+05,0
-5283.1,4.35e+05,1.8614e+05,0
-5299.5,4.37e+05,1.8699e+05,0
-5299.6,4.3702e+05,1.87e+05,0
-5310.1,4.39e+05,1.8785e+05,0
-5313.3,4.41e+05,1.887e+05,0
-5312.5,4.4169e+05,1.89e+05,0
-5307.6,4.43e+05,1.8956e+05,0
-5291.3,4.45e+05,1.9042e+05,0
-5278.5,4.4637e+05,1.91e+05,0
-5272.3,4.47e+05,1.9127e+05,0
-5259.6,4.49e+05,1.9213e+05,0
-5251.5,4.51e+05,1.9298e+05,0
-5251.2,4.5104e+05,1.93e+05,0
-5238.9,4.53e+05,1.9384e+05,0
-5237.4,4.55e+05,1.9469e+05,0
-5235.8,4.5571e+05,1.95e+05,0
-5233.8,4.57e+05,1.9555e+05,0
-5251.7,4.59e+05,1.9641e+05,0
-5266.3,4.6039e+05,1.97e+05,0
-5272,4.61e+05,1.9726e+05,0
-5277,4.63e+05,1.9812e+05,0
-5270.7,4.65e+05,1.9897e+05,0
-5271.7,4.6506e+05,1.99e+05,0
-5300.6,4.67e+05,1.9983e+05,0
-5301.5,4.69e+05,2.0068e+05,0
-5299.4,4.6974e+05,2.01e+05,0
-5295.4,4.71e+05,2.0154e+05,0
-5308,4.73e+05,2.024e+05,0
-5313.6,4.7441e+05,2.03e+05,0
-5315.9,4.75e+05,2.0325e+05,0
-5323.9,4.77e+05,2.0411e+05,0
-5326.5,4.79e+05,2.0496e+05,0
-5326.8,4.7908e+05,2.05e+05,0
-5334.6,4.81e+05,2.0582e+05,0
-5356.8,4.83e+05,2.0668e+05,0
-5347.9,4.8376e+05,2.07e+05,0
-5343,4.85e+05,2.0753e+05,0
-5366.9,4.87e+05,2.0839e+05,0
-5368.8,4.8843e+05,2.09e+05,0
-5369.4,4.89e+05,2.0924e+05,0
-5367.3,4.91e+05,2.101e+05,0
-5354.7,4.93e+05,2.1095e+05,0
-5354.8,4.9311e+05,2.11e+05,0
-5354.2,4.95e+05,2.1181e+05,0
-5369.5,4.97e+05,2.1267e+05,0
-5372.2,4.9778e+05,2.13e+05,0
-5376.9,4.99e+05,2.1352e+05,0
-5385.6,5.01e+05,2.1438e+05,0
-5390.3,5.0245e+05,2.15e+05,0
-5392.5,5.03e+05,2.1523e+05,0
-5395.9,5.05e+05,2.1609e+05,0
-5432.8,5.07e+05,2.1695e+05,0
-5433.5,5.0713e+05,2.17e+05,0
-5443,5.09e+05,2.178e+05,0
-5456.5,5.11e+05,2.1866e+05,0
-5451.6,5.118e+05,2.19e+05,0
-5446.5,5.13e+05,2.1951e+05,0
-5353.1,5.15e+05,2.2037e+05,0
-5396.5,5.1648e+05,2.21e+05,0
-5397.5,5.17e+05,2.2122e+05,0
-5398,5.19e+05,2.2208e+05,0
-5390,5.21e+05,2.2294e+05,0
-5391.1,5.2115e+05,2.23e+05,0
-5406.6,5.23e+05,2.2379e+05,0
-5398.6,5.25e+05,2.2465e+05,0
-5399.7,5.2582e+05,2.25e+05,0
-5401.2,5.27e+05,2.255e+05,0
-5408.1,5.29e+05,2.2636e+05,0
-5400.2,5.305e+05,2.27e+05,0
-5398.4,5.31e+05,2.2721e+05,0
-5406.6,5.33e+05,2.2807e+05,0
-5432,5.35e+05,2.2893e+05,0
-5433.8,5.3517e+05,2.29e+05,0
-5453.3,5.37e+05,2.2978e+05,0
-5457.5,5.39e+05,2.3064e+05,0
-5467.4,5.3985e+05,2.31e+05,0
-5475.7,5.41e+05,2.3149e+05,0
-5480.1,5.43e+05,2.3235e+05,0
-5481.9,5.4452e+05,2.33e+05,0
-5479.4,5.45e+05,2.3321e+05,0
-5436.3,5.47e+05,2.3406e+05,0
-5421.3,5.49e+05,2.3492e+05,0
-5424.1,5.4919e+05,2.35e+05,0
-5457.4,5.51e+05,2.3577e+05,0
-5487.5,5.53e+05,2.3663e+05,0
-5505.1,5.5387e+05,2.37e+05,0
-5532.4,5.55e+05,2.3748e+05,0
-5596.7,5.57e+05,2.3834e+05,0
-5635.3,5.5854e+05,2.39e+05,0
-5645.6,5.59e+05,2.392e+05,0
-5672.6,5.61e+05,2.4005e+05,0
-5681.7,5.63e+05,2.4091e+05,0
-5678,5.6322e+05,2.41e+05,0
-5634,5.65e+05,2.4176e+05,0
-5556.8,5.67e+05,2.4262e+05,0
-5519.7,5.6789e+05,2.43e+05,0
-5472.2,5.69e+05,2.4347e+05,0
-5374.9,5.71e+05,2.4433e+05,0
-5323.5,5.7256e+05,2.45e+05,0
-5313.2,5.73e+05,2.4519e+05,0
-5272.5,5.75e+05,2.4604e+05,0
-5251.2,5.77e+05,2.469e+05,0
-5251.7,5.7724e+05,2.47e+05,0
-5255.7,5.79e+05,2.4775e+05,0
-5263.6,5.81e+05,2.4861e+05,0
-5270.1,5.8191e+05,2.49e+05,0
-5277.4,5.83e+05,2.4947e+05,0
-5278,5.85e+05,2.5032e+05,0
-5278.7,5.8659e+05,2.51e+05,0
-5279.8,5.87e+05,2.5118e+05,0
-5289.3,5.89e+05,2.5203e+05,0
-5299.8,5.91e+05,2.5289e+05,0
-5303.4,5.9126e+05,2.53e+05,0
-5328.2,5.93e+05,2.5374e+05,0
-5369.2,5.95e+05,2.546e+05,0
-5393.3,5.9593e+05,2.55e+05,0
-5418.9,5.97e+05,2.5546e+05,0
-5455.3,5.99e+05,2.5631e+05,0
-5455.7,6.0061e+05,2.57e+05,0
-5454.1,6.01e+05,2.5717e+05,0
-5332.5,6.03e+05,2.5802e+05,0
-5248.2,6.05e+05,2.5888e+05,0
-5245.5,6.0528e+05,2.59e+05,0
-5256.9,6.07e+05,2.5974e+05,0
-5196.4,6.09e+05,2.6059e+05,0
-5190.5,6.0996e+05,2.61e+05,0
-5198.5,6.11e+05,2.6145e+05,0
-5351.2,6.13e+05,2.623e+05,0
-5292.4,6.1463e+05,2.63e+05,0
-5279.1,6.15e+05,2.6316e+05,0
-5248.2,6.17e+05,2.6401e+05,0
-5303.5,6.19e+05,2.6487e+05,0
-5312.3,6.193e+05,2.65e+05,0
-5370.2,6.21e+05,2.6573e+05,0
-5412.7,6.23e+05,2.6658e+05,0
-5418.6,6.2398e+05,2.67e+05,0
-5422.3,6.25e+05,2.6744e+05,0
-5420.1,6.27e+05,2.6829e+05,0
-5407,6.2865e+05,2.69e+05,0
-5403.9,6.29e+05,2.6915e+05,0
-5391.5,6.31e+05,2.7e+05,0
-5389.8,6.33e+05,2.7086e+05,0
-5391.6,6.3333e+05,2.71e+05,0
-5398.9,6.35e+05,2.7172e+05,0
-5399.9,6.37e+05,2.7257e+05,0
-5395.7,6.38e+05,2.73e+05,0
-5392.9,6.39e+05,2.7343e+05,0
-5386.2,6.41e+05,2.7428e+05,0
-5377.6,6.4267e+05,2.75e+05,0
-5376.5,6.43e+05,2.7514e+05,0
-5360.1,6.45e+05,2.76e+05,0
-5336.9,6.47e+05,2.7685e+05,0
-5332.1,6.4735e+05,2.77e+05,0
-5309.1,6.49e+05,2.7771e+05,0
-5283.4,6.51e+05,2.7856e+05,0
-5276.6,6.5202e+05,2.79e+05,0
-5268.6,6.53e+05,2.7942e+05,0
-5271.1,6.55e+05,2.8027e+05,0
-5290.7,6.567e+05,2.81e+05,0
-5294,6.57e+05,2.8113e+05,0
-5324.3,6.59e+05,2.8199e+05,0
-5352.7,6.61e+05,2.8284e+05,0
-5355,6.6137e+05,2.83e+05,0
-5362.8,6.63e+05,2.837e+05,0
-5385.2,6.65e+05,2.8455e+05,0
-5398.9,6.6604e+05,2.85e+05,0
-5407.9,6.67e+05,2.8541e+05,0
-5426.7,6.69e+05,2.8626e+05,0
-5448.1,6.7072e+05,2.87e+05,0
-5451.2,6.71e+05,2.8712e+05,0
-5459,6.73e+05,2.8798e+05,0
-5459.4,6.75e+05,2.8883e+05,0
-5457.8,6.7539e+05,2.89e+05,0
-5449.2,6.77e+05,2.8969e+05,0
-5440.1,6.79e+05,2.9054e+05,0
-5436.4,6.8007e+05,2.91e+05,0
-5434.4,6.81e+05,2.914e+05,0
-5425.3,6.83e+05,2.9226e+05,0
-5420,6.8474e+05,2.93e+05,0
-5418.5,6.85e+05,2.9311e+05,0
-5426,6.87e+05,2.9397e+05,0
-5445.5,6.89e+05,2.9482e+05,0
-5446.2,6.8941e+05,2.95e+05,0
-5447.4,6.91e+05,2.9568e+05,0
-5443,6.93e+05,2.9653e+05,0
-5399.1,6.9409e+05,2.97e+05,0
-5369.8,6.95e+05,2.9739e+05,0
-5178.2,6.97e+05,2.9825e+05,0
-5294.8,6.9876e+05,2.99e+05,0
-5307.9,6.99e+05,2.991e+05,0
-5410,7.01e+05,2.9996e+05,0
-5374.2,7.03e+05,3.0081e+05,0
-5365.9,7.0344e+05,3.01e+05,0
-5333.6,7.05e+05,3.0167e+05,0
-5288.3,7.07e+05,3.0253e+05,0
-5286.3,7.0811e+05,3.03e+05,0
-5284.3,7.09e+05,3.0338e+05,0
-5285.5,7.11e+05,3.0424e+05,0
-5284.9,7.1278e+05,3.05e+05,0
-5284.8,7.13e+05,3.0509e+05,0
-5285.5,7.15e+05,3.0595e+05,0
-5298.9,7.17e+05,3.068e+05,0
-5299.5,7.1746e+05,3.07e+05,0
-5306.7,7.19e+05,3.0766e+05,0
-5316.7,7.21e+05,3.0852e+05,0
-5312.5,7.2213e+05,3.09e+05,0
-5307.9,7.23e+05,3.0937e+05,0
-5295.2,7.25e+05,3.1023e+05,0
-5269,7.2681e+05,3.11e+05,0
-5266.3,7.27e+05,3.1108e+05,0
-5230.5,7.29e+05,3.1194e+05,0
-5211,7.31e+05,3.1279e+05,0
-5224.6,7.3148e+05,3.13e+05,0
-5258.6,7.33e+05,3.1365e+05,0
-5221,7.35e+05,3.1451e+05,0
-5225.5,7.3615e+05,3.15e+05,0
-5238.2,7.37e+05,3.1536e+05,0
-5348.7,7.39e+05,3.1622e+05,0
-5449.6,7.4083e+05,3.17e+05,0
-5457.5,7.41e+05,3.1707e+05,0
-5483.1,7.43e+05,3.1793e+05,0
-5515.6,7.45e+05,3.1879e+05,0
-5502.8,7.455e+05,3.19e+05,0
-5438.3,7.47e+05,3.1964e+05,0
-5300.9,7.49e+05,3.205e+05,0
-5289.9,7.5018e+05,3.21e+05,0
-5288.4,7.51e+05,3.2135e+05,0
-5351.9,7.53e+05,3.2221e+05,0
-5366.4,7.5485e+05,3.23e+05,0
-5368.1,7.55e+05,3.2306e+05,0
-5363.6,7.57e+05,3.2392e+05,0
-5347.8,7.59e+05,3.2478e+05,0
-5337.6,7.5952e+05,3.25e+05,0
-5317.4,7.61e+05,3.2563e+05,0
-5342.3,7.63e+05,3.2649e+05,0
-5352.6,7.642e+05,3.27e+05,0
-5359.6,7.65e+05,3.2734e+05,0
-5326.8,7.67e+05,3.282e+05,0
-5337.8,7.6887e+05,3.29e+05,0
-5338.2,7.69e+05,3.2905e+05,0
-5358.7,7.71e+05,3.2991e+05,0
-5364.7,7.73e+05,3.3077e+05,0
-5369.2,7.7355e+05,3.31e+05,0
-5382.3,7.75e+05,3.3162e+05,0
-5386.8,7.77e+05,3.3248e+05,0
-5394.5,7.7822e+05,3.33e+05,0
-5401.5,7.79e+05,3.3333e+05,0
-5403.5,7.81e+05,3.3419e+05,0
-5420.9,7.8289e+05,3.35e+05,0
-5421.8,7.83e+05,3.3505e+05,0
-5440.4,7.85e+05,3.359e+05,0
-5434.8,7.87e+05,3.3676e+05,0
-5436.7,7.8757e+05,3.37e+05,0
-5435.2,7.89e+05,3.3761e+05,0
-5457.3,7.91e+05,3.3847e+05,0
-5449.1,7.9224e+05,3.39e+05,0
-5443.7,7.93e+05,3.3932e+05,0
-5472.1,7.95e+05,3.4018e+05,0
-5447.6,7.9692e+05,3.41e+05,0
-5446.3,7.97e+05,3.4104e+05,0
-5385.6,7.99e+05,3.4189e+05,0
-5370.3,8.01e+05,3.4275e+05,0
-5357.5,8.0159e+05,3.43e+05,0
-5326.8,8.03e+05,3.436e+05,0
-5297.9,8.05e+05,3.4446e+05,0
-5316,8.0626e+05,3.45e+05,0
-5325.1,8.07e+05,3.4532e+05,0
-5349,8.09e+05,3.4617e+05,0
-5371,8.1094e+05,3.47e+05,0
-5371.6,8.11e+05,3.4703e+05,0
-5402.6,8.13e+05,3.4788e+05,0
-5432.5,8.15e+05,3.4874e+05,0
-5438,8.1561e+05,3.49e+05,0
-5447.6,8.17e+05,3.4959e+05,0
-5451.9,8.19e+05,3.5045e+05,0
-5443.9,8.2029e+05,3.51e+05,0
-5428.4,8.21e+05,3.5131e+05,0
-5408.7,8.23e+05,3.5216e+05,0
-5411.1,8.2496e+05,3.53e+05,0
-5411.3,8.25e+05,3.5302e+05,0
-5408.5,8.27e+05,3.5387e+05,0
-5449.6,8.29e+05,3.5473e+05,0
-5463.5,8.2963e+05,3.55e+05,0
-5484.4,8.31e+05,3.5558e+05,0
-5471.4,8.33e+05,3.5644e+05,0
-5455.3,8.3431e+05,3.57e+05,0
-5444,8.35e+05,3.573e+05,0
-5418.8,8.37e+05,3.5815e+05,0
-5401.8,8.3898e+05,3.59e+05,0
-5401.7,8.39e+05,3.5901e+05,0
-5376.5,8.41e+05,3.5986e+05,0
-5327.4,8.43e+05,3.6072e+05,0
-5316.9,8.4366e+05,3.61e+05,0
-5296.6,8.45e+05,3.6158e+05,0
-5277.2,8.47e+05,3.6243e+05,0
-5272.3,8.4833e+05,3.63e+05,0
-5277,8.49e+05,3.6329e+05,0
-5298.6,8.51e+05,3.6414e+05,0
-5325.9,8.53e+05,3.65e+05,0
-5325.9,8.53e+05,3.65e+05,0
-5343.2,8.55e+05,3.6585e+05,0
-5335.3,8.57e+05,3.6671e+05,0
-5335.7,8.5768e+05,3.67e+05,0
-5350.4,8.59e+05,3.6757e+05,0
-5395.7,8.61e+05,3.6842e+05,0
-5393.2,8.6235e+05,3.69e+05,0
-5395.8,8.63e+05,3.6928e+05,0
-5433.2,8.65e+05,3.7013e+05,0
-5450.3,8.67e+05,3.7099e+05,0
-5450.8,8.6703e+05,3.71e+05,0
-5510.1,8.69e+05,3.7184e+05,0
-5597.8,8.71e+05,3.727e+05,0
-5608.5,8.717e+05,3.73e+05,0
-5617,8.73e+05,3.7356e+05,0
-5611.5,8.75e+05,3.7441e+05,0
-5657,8.7637e+05,3.75e+05,0
-5676.2,8.77e+05,3.7527e+05,0
-5692.2,8.79e+05,3.7612e+05,0
-5655.9,8.81e+05,3.7698e+05,0
-5656.4,8.8105e+05,3.77e+05,0
-5670.4,8.83e+05,3.7784e+05,0
-5678.2,8.85e+05,3.7869e+05,0
-5677.2,8.8572e+05,3.79e+05,0
-5685.8,8.87e+05,3.7955e+05,0
-5701,8.89e+05,3.804e+05,0
-5714.2,8.904e+05,3.81e+05,0
-5713.8,8.91e+05,3.8126e+05,0
-5692,8.93e+05,3.8211e+05,0
-5703.6,8.95e+05,3.8297e+05,0
-5702.5,8.9507e+05,3.83e+05,0
-5648.9,8.97e+05,3.8383e+05,0
-5599.6,8.99e+05,3.8468e+05,0
-5593.8,8.9974e+05,3.85e+05,0
-5585,9.01e+05,3.8554e+05,0
-5472.5,9.03e+05,3.8639e+05,0
-5483.3,9.0442e+05,3.87e+05,0
-5490.6,9.05e+05,3.8725e+05,0
-5500.8,9.07e+05,3.8811e+05,0
-5467.9,9.09e+05,3.8896e+05,0
-5462.6,9.0909e+05,3.89e+05,0
-5396.5,9.11e+05,3.8982e+05,0
-5369.3,9.13e+05,3.9067e+05,0
-5392.6,9.1377e+05,3.91e+05,0
-5419.4,9.15e+05,3.9153e+05,0
-5532.6,9.17e+05,3.9238e+05,0
-5619.2,9.1844e+05,3.93e+05,0
-5637.2,9.19e+05,3.9324e+05,0
-5598.2,9.21e+05,3.941e+05,0
-5584.9,9.23e+05,3.9495e+05,0
-5584.2,9.2311e+05,3.95e+05,0
-5580.8,9.25e+05,3.9581e+05,0
-5526.9,9.27e+05,3.9666e+05,0
-5529.2,9.2779e+05,3.97e+05,0
-5533.6,9.29e+05,3.9752e+05,0
-5551.7,9.31e+05,3.9837e+05,0
-5513.8,9.3246e+05,3.99e+05,0
-5499.9,9.33e+05,3.9923e+05,0
-5481.8,9.35e+05,4.0009e+05,0
-5499.6,9.37e+05,4.0094e+05,0
-5500.4,9.3714e+05,4.01e+05,0
-5502.2,9.39e+05,4.018e+05,0
-5506.9,9.41e+05,4.0265e+05,0
-5505.7,9.4181e+05,4.03e+05,0
-5497.8,9.43e+05,4.0351e+05,0
-5501.8,9.45e+05,4.0437e+05,0
-5508.7,9.4648e+05,4.05e+05,0
-5510.6,9.47e+05,4.0522e+05,0
-5500.9,9.49e+05,4.0608e+05,0
-5491.5,9.51e+05,4.0693e+05,0
-5490.2,9.5116e+05,4.07e+05,0
-5476,9.53e+05,4.0779e+05,0
-5463.3,9.55e+05,4.0864e+05,0
-5453.4,9.5583e+05,4.09e+05,0
-5441.3,9.57e+05,4.095e+05,0
-5428.9,9.59e+05,4.1036e+05,0
-5411.4,9.6051e+05,4.11e+05,0
-5406.1,9.61e+05,4.1121e+05,0
-5393.7,9.63e+05,4.1207e+05,0
-5448.4,9.65e+05,4.1292e+05,0
-5444.8,9.6518e+05,4.13e+05,0
-5394.8,9.67e+05,4.1378e+05,0
-5393.7,9.69e+05,4.1463e+05,0
-5412.5,9.6985e+05,4.15e+05,0
-5442.8,9.71e+05,4.1549e+05,0
-5454.3,9.73e+05,4.1635e+05,0
-5457.2,9.7453e+05,4.17e+05,0
-5453.4,9.75e+05,4.172e+05,0
-5435.2,9.77e+05,4.1806e+05,0
-5402.3,9.79e+05,4.1891e+05,0
-5400.6,9.792e+05,4.19e+05,0
-5386.6,9.81e+05,4.1977e+05,0
-5417.9,9.83e+05,4.2063e+05,0
-5434.7,9.8388e+05,4.21e+05,0
-5455.7,9.85e+05,4.2148e+05,0
-5494.9,9.87e+05,4.2234e+05,0
-5507.1,9.8855e+05,4.23e+05,0
-5510.1,9.89e+05,4.2319e+05,0
-5516.7,9.91e+05,4.2405e+05,0
-5529.3,9.93e+05,4.249e+05,0
-5530.6,9.9322e+05,4.25e+05,0
-5537.4,9.95e+05,4.2576e+05,0
-5553.5,9.97e+05,4.2662e+05,0
-5557.3,9.979e+05,4.27e+05,0
-5559.3,9.99e+05,4.2747e+05,0
-5558.1,1.001e+06,4.2833e+05,0
-5559.7,1.0026e+06,4.29e+05,0
-5560.4,1.003e+06,4.2918e+05,0
-5556.7,1.005e+06,4.3004e+05,0
-5549.9,1.007e+06,4.3089e+05,0
-5547.4,1.0072e+06,4.31e+05,0
-5531.4,1.009e+06,4.3175e+05,0
-5504.7,1.011e+06,4.3261e+05,0
-5494.3,1.0119e+06,4.33e+05,0
-5480.9,1.013e+06,4.3346e+05,0
-5469.2,1.015e+06,4.3432e+05,0
-5467.1,1.0166e+06,4.35e+05,0
-5467.3,1.017e+06,4.3517e+05,0
-5477.5,1.019e+06,4.3603e+05,0
-5494.9,1.021e+06,4.3689e+05,0
-5495.3,1.0213e+06,4.37e+05,0
-5498.1,1.023e+06,4.3774e+05,0
-5500.5,1.025e+06,4.386e+05,0
-5491.7,1.0259e+06,4.39e+05,0
-5483.6,1.027e+06,4.3945e+05,0
-5467.8,1.029e+06,4.4031e+05,0
-5463.8,1.0306e+06,4.41e+05,0
-5464,1.031e+06,4.4116e+05,0
-5482.5,1.033e+06,4.4202e+05,0
-5508.1,1.035e+06,4.4288e+05,0
-5512.8,1.0353e+06,4.43e+05,0
-5542,1.037e+06,4.4373e+05,0
-5569.4,1.039e+06,4.4459e+05,0
-5577,1.04e+06,4.45e+05,0
-5583.7,1.041e+06,4.4544e+05,0
-5581.9,1.043e+06,4.463e+05,0
-5555.2,1.0446e+06,4.47e+05,0
-5549.2,1.045e+06,4.4716e+05,0
-5533.4,1.047e+06,4.4801e+05,0
-5519.4,1.049e+06,4.4887e+05,0
-5517.4,1.0493e+06,4.49e+05,0
-5503.7,1.051e+06,4.4972e+05,0
-5525,1.053e+06,4.5058e+05,0
-5512.8,1.054e+06,4.51e+05,0
-5506.5,1.055e+06,4.5143e+05,0
-5519.9,1.057e+06,4.5229e+05,0
-5535.8,1.0587e+06,4.53e+05,0
-5538.4,1.059e+06,4.5315e+05,0
-5562.4,1.061e+06,4.54e+05,0
-5590.1,1.063e+06,4.5486e+05,0
-5593.7,1.0633e+06,4.55e+05,0
-5605.9,1.065e+06,4.5571e+05,0
-5600.1,1.067e+06,4.5657e+05,0
-5591.4,1.068e+06,4.57e+05,0
-5583.9,1.069e+06,4.5742e+05,0
-5573.6,1.071e+06,4.5828e+05,0
-5569.5,1.0727e+06,4.59e+05,0
-5568.7,1.073e+06,4.5914e+05,0
-5547.5,1.075e+06,4.5999e+05,0
-5528.8,1.077e+06,4.6085e+05,0
-5526.9,1.0774e+06,4.61e+05,0
-5520.6,1.079e+06,4.617e+05,0
-5504,1.081e+06,4.6256e+05,0
-5493.6,1.082e+06,4.63e+05,0
-5482.8,1.083e+06,4.6342e+05,0
-5471.3,1.085e+06,4.6427e+05,0
-5458.4,1.0867e+06,4.65e+05,0
-5456,1.087e+06,4.6513e+05,0
-5453.9,1.089e+06,4.6598e+05,0
-5454.4,1.091e+06,4.6684e+05,0
-5453.4,1.0914e+06,4.67e+05,0
-5446.5,1.093e+06,4.6769e+05,0
-5442.1,1.095e+06,4.6855e+05,0
-5432.5,1.0961e+06,4.69e+05,0
-5423.4,1.097e+06,4.6941e+05,0
-5404.2,1.099e+06,4.7026e+05,0
-5403.4,1.1007e+06,4.71e+05,0
-5403.5,1.101e+06,4.7112e+05,0
-5413.7,1.103e+06,4.7197e+05,0
-5427.5,1.105e+06,4.7283e+05,0
-5432.9,1.1054e+06,4.73e+05,0
-5458.1,1.107e+06,4.7368e+05,0
-5495.1,1.109e+06,4.7454e+05,0
-5513.4,1.1101e+06,4.75e+05,0
-5529.6,1.111e+06,4.754e+05,0
-5557.3,1.113e+06,4.7625e+05,0
-5576.2,1.1147e+06,4.77e+05,0
-5578.7,1.115e+06,4.7711e+05,0
-5583.9,1.117e+06,4.7796e+05,0
-5576.4,1.119e+06,4.7882e+05,0
-5573.3,1.1194e+06,4.79e+05,0
-5559.3,1.121e+06,4.7968e+05,0
-5526.8,1.123e+06,4.8053e+05,0
-5506.4,1.1241e+06,4.81e+05,0
-5489.1,1.125e+06,4.8139e+05,0
-5493.2,1.127e+06,4.8224e+05,0
-5509.4,1.1288e+06,4.83e+05,0
-5511.8,1.129e+06,4.831e+05,0
-5525.5,1.131e+06,4.8395e+05,0
-5534.8,1.133e+06,4.8481e+05,0
-5536.3,1.1334e+06,4.85e+05,0
-5542.8,1.135e+06,4.8567e+05,0
-5548.6,1.137e+06,4.8652e+05,0
-5551.9,1.1381e+06,4.87e+05,0
-5555.1,1.139e+06,4.8738e+05,0
-5568.4,1.141e+06,4.8823e+05,0
-5579.9,1.1428e+06,4.89e+05,0
-5581.4,1.143e+06,4.8909e+05,0
-5588.5,1.145e+06,4.8995e+05,0
-5585.5,1.147e+06,4.908e+05,0
-5582.7,1.1475e+06,4.91e+05,0
-5572.2,1.149e+06,4.9166e+05,0
-5563.4,1.151e+06,4.9251e+05,0
-5564.3,1.1521e+06,4.93e+05,0
-5565.7,1.153e+06,4.9337e+05,0
-5574.3,1.155e+06,4.9422e+05,0
-5584.9,1.1568e+06,4.95e+05,0
-5585.7,1.157e+06,4.9508e+05,0
-5583.3,1.159e+06,4.9594e+05,0
-5584.7,1.161e+06,4.9679e+05,0
-5584.5,1.1615e+06,4.97e+05,0
-5585.7,1.163e+06,4.9765e+05,0
-5584.5,1.165e+06,4.985e+05,0
-5593.3,1.1662e+06,4.99e+05,0
-5599.5,1.167e+06,4.9936e+05,0
-5590.3,1.169e+06,5.0021e+05,0
-5579.2,1.1708e+06,5.01e+05,0
-5578.6,1.171e+06,5.0107e+05,0
-5587.6,1.173e+06,5.0193e+05,0
-5606.3,1.175e+06,5.0278e+05,0
-5609.5,1.1755e+06,5.03e+05,0
-5619.2,1.177e+06,5.0364e+05,0
-5629.3,1.179e+06,5.0449e+05,0
-5633.5,1.1802e+06,5.05e+05,0
-5636.4,1.181e+06,5.0535e+05,0
-5640.6,1.183e+06,5.0621e+05,0
-5632,1.1849e+06,5.07e+05,0
-5631.3,1.185e+06,5.0706e+05,0
-5616.4,1.187e+06,5.0792e+05,0
-5611.1,1.189e+06,5.0877e+05,0
-5616,1.1895e+06,5.09e+05,0
-5632.2,1.191e+06,5.0963e+05,0
-5633.6,1.193e+06,5.1048e+05,0
-5618.2,1.1942e+06,5.11e+05,0
-5606.1,1.195e+06,5.1134e+05,0
-5618.5,1.197e+06,5.122e+05,0
-5634,1.1989e+06,5.13e+05,0
-5635.2,1.199e+06,5.1305e+05,0
-5631,1.201e+06,5.1391e+05,0
-5623.5,1.203e+06,5.1476e+05,0
-5621.1,1.2036e+06,5.15e+05,0
-5614.5,1.205e+06,5.1562e+05,0
-5599.1,1.207e+06,5.1647e+05,0
-5588.9,1.2082e+06,5.17e+05,0
-5582.6,1.209e+06,5.1733e+05,0
-5570.9,1.211e+06,5.1819e+05,0
-5569.2,1.2129e+06,5.19e+05,0
-5569.1,1.213e+06,5.1904e+05,0
-5578.7,1.215e+06,5.199e+05,0
-5584.5,1.217e+06,5.2075e+05,0
-5582.4,1.2176e+06,5.21e+05,0
-5581.6,1.219e+06,5.2161e+05,0
-5568.8,1.221e+06,5.2247e+05,0
-5561.1,1.2222e+06,5.23e+05,0
-5557.2,1.223e+06,5.2332e+05,0
-5565.8,1.225e+06,5.2418e+05,0
-5581.2,1.2269e+06,5.25e+05,0
-5581.7,1.227e+06,5.2503e+05,0
-5586.9,1.229e+06,5.2589e+05,0
-5597.3,1.231e+06,5.2674e+05,0
-5600.1,1.2316e+06,5.27e+05,0
-5611.2,1.233e+06,5.276e+05,0
-5624.6,1.235e+06,5.2846e+05,0
-5641.5,1.2363e+06,5.29e+05,0
-5650.8,1.237e+06,5.2931e+05,0
-5615.5,1.239e+06,5.3017e+05,0
-5657.2,1.2409e+06,5.31e+05,0
-5658,1.241e+06,5.3102e+05,0
-5735.1,1.243e+06,5.3188e+05,0
-5771.6,1.245e+06,5.3274e+05,0
-5776.3,1.2456e+06,5.33e+05,0
-5781.4,1.247e+06,5.3359e+05,0
-5412.8,1.249e+06,5.3445e+05,0
-5094.4,1.2503e+06,5.35e+05,0
-4956.6,1.251e+06,5.353e+05,0
-5201,1.253e+06,5.3616e+05,0
-5520,1.255e+06,5.37e+05,0
-5525.5,1.255e+06,5.3701e+05,0
-5643.6,1.257e+06,5.3787e+05,0
-5693.6,1.259e+06,5.3873e+05,0
-5686.4,1.2596e+06,5.39e+05,0
-5671.6,1.261e+06,5.3958e+05,0
-5616.9,1.263e+06,5.4044e+05,0
-5582.1,1.2643e+06,5.41e+05,0
-5562.9,1.265e+06,5.4129e+05,0
-5507.6,1.267e+06,5.4215e+05,0
-5485.1,1.269e+06,5.43e+05,0
-5485,1.269e+06,5.43e+05,0
-5500.8,1.271e+06,5.4386e+05,0
-5519.1,1.273e+06,5.4472e+05,0
-5525.5,1.2737e+06,5.45e+05,0
-5539.5,1.275e+06,5.4557e+05,0
-5562.2,1.277e+06,5.4643e+05,0
-5567.4,1.2783e+06,5.47e+05,0
-5568.9,1.279e+06,5.4728e+05,0
-5559.6,1.281e+06,5.4814e+05,0
-5518.6,1.283e+06,5.49e+05,0
-5518.3,1.283e+06,5.49e+05,0
-5470.4,1.285e+06,5.4985e+05,0
-5406.4,1.287e+06,5.5071e+05,0
-5392.2,1.2877e+06,5.51e+05,0
-5372.4,1.289e+06,5.5156e+05,0
-5362.9,1.291e+06,5.5242e+05,0
-5378.2,1.2924e+06,5.53e+05,0
-5388.9,1.293e+06,5.5327e+05,0
-5423.3,1.295e+06,5.5413e+05,0
-5458,1.297e+06,5.5499e+05,0
-5458.4,1.297e+06,5.55e+05,0
-5488.5,1.299e+06,5.5584e+05,0
-5487.3,1.301e+06,5.567e+05,0
-5485.2,1.3017e+06,5.57e+05,0
-5488.1,1.303e+06,5.5755e+05,0
-5514.1,1.305e+06,5.5841e+05,0
-5519.8,1.3064e+06,5.59e+05,0
-5518.1,1.307e+06,5.5926e+05,0
-5500.3,1.309e+06,5.6012e+05,0
-5478.7,1.311e+06,5.6098e+05,0
-5478,1.3111e+06,5.61e+05,0
-5447.6,1.313e+06,5.6183e+05,0
-5417.6,1.315e+06,5.6269e+05,0
-5411.5,1.3157e+06,5.63e+05,0
-5403.8,1.317e+06,5.6354e+05,0
-5399.9,1.319e+06,5.644e+05,0
-5394,1.3204e+06,5.65e+05,0
-5388.4,1.321e+06,5.6526e+05,0
-5382.7,1.323e+06,5.6611e+05,0
-5389.7,1.325e+06,5.6697e+05,0
-5391,1.3251e+06,5.67e+05,0
-5424.5,1.327e+06,5.6782e+05,0
-5469.4,1.329e+06,5.6868e+05,0
-5484.6,1.3298e+06,5.69e+05,0
-5510.8,1.331e+06,5.6953e+05,0
-5542.4,1.333e+06,5.7039e+05,0
-5551.2,1.3344e+06,5.71e+05,0
-5555,1.335e+06,5.7125e+05,0
-5548.7,1.337e+06,5.721e+05,0
-5536.9,1.339e+06,5.7296e+05,0
-5536.2,1.3391e+06,5.73e+05,0
-5521.1,1.341e+06,5.7381e+05,0
-5510.4,1.343e+06,5.7467e+05,0
-5519.8,1.3438e+06,5.75e+05,0
-5528,1.345e+06,5.7553e+05,0
-5525.4,1.347e+06,5.7638e+05,0
-5531,1.3484e+06,5.77e+05,0
-5531.8,1.349e+06,5.7724e+05,0
-5494.5,1.351e+06,5.7809e+05,0
-5501.6,1.353e+06,5.7895e+05,0
-5505.6,1.3531e+06,5.79e+05,0
-5479.2,1.355e+06,5.798e+05,0
-5384.9,1.357e+06,5.8066e+05,0
-5431,1.3578e+06,5.81e+05,0
-5554.1,1.359e+06,5.8152e+05,0
-5550.5,1.361e+06,5.8237e+05,0
-5529,1.3625e+06,5.83e+05,0
-5518.3,1.363e+06,5.8323e+05,0
-5516.2,1.365e+06,5.8408e+05,0
-5520.8,1.367e+06,5.8494e+05,0
-5520.2,1.3671e+06,5.85e+05,0
-5512.9,1.369e+06,5.8579e+05,0
-5497.8,1.371e+06,5.8665e+05,0
-5487.5,1.3718e+06,5.87e+05,0
-5472.1,1.373e+06,5.8751e+05,0
-5448.8,1.375e+06,5.8836e+05,0
-5441,1.3765e+06,5.89e+05,0
-5440.1,1.377e+06,5.8922e+05,0
-5442,1.379e+06,5.9007e+05,0
-5467,1.381e+06,5.9093e+05,0
-5468.4,1.3812e+06,5.91e+05,0
-5484.4,1.383e+06,5.9179e+05,0
-5512.7,1.385e+06,5.9264e+05,0
-5519.5,1.3858e+06,5.93e+05,0
-5526.8,1.387e+06,5.935e+05,0
-5524.9,1.389e+06,5.9435e+05,0
-5524.9,1.3905e+06,5.95e+05,0
-5525.4,1.391e+06,5.9521e+05,0
-5517.3,1.393e+06,5.9606e+05,0
-5521.6,1.395e+06,5.9692e+05,0
-5521.9,1.3952e+06,5.97e+05,0
-5527.9,1.397e+06,5.9778e+05,0
-5529.9,1.399e+06,5.9863e+05,0
-5537.1,1.3999e+06,5.99e+05,0
-5548,1.401e+06,5.9949e+05,0
-5551.4,1.403e+06,6.0034e+05,0
-5552.2,1.4045e+06,6.01e+05,0
-5551.6,1.405e+06,6.012e+05,0
-5539.8,1.407e+06,6.0205e+05,0
-5517.1,1.409e+06,6.0291e+05,0
-5514.8,1.4092e+06,6.03e+05,0
-5493.5,1.411e+06,6.0377e+05,0
-5483.2,1.413e+06,6.0462e+05,0
-5487.3,1.4139e+06,6.05e+05,0
-5493.9,1.415e+06,6.0548e+05,0
-5515.4,1.417e+06,6.0633e+05,0
-5533.8,1.4186e+06,6.07e+05,0
-5539.3,1.419e+06,6.0719e+05,0
-5558.8,1.421e+06,6.0805e+05,0
-5564.6,1.423e+06,6.089e+05,0
-5564.2,1.4232e+06,6.09e+05,0
-5562.5,1.425e+06,6.0976e+05,0
-5552.8,1.427e+06,6.1061e+05,0
-5552.1,1.4279e+06,6.11e+05,0
-5552.4,1.429e+06,6.1147e+05,0
-5549.7,1.431e+06,6.1232e+05,0
-5553,1.4326e+06,6.13e+05,0
-5554.6,1.433e+06,6.1318e+05,0
-5574.4,1.435e+06,6.1404e+05,0
-5575.7,1.437e+06,6.1489e+05,0
-5576.3,1.4373e+06,6.15e+05,0
-5579.9,1.439e+06,6.1575e+05,0
-5587,1.441e+06,6.166e+05,0
-5591.7,1.4419e+06,6.17e+05,0
-5598.8,1.443e+06,6.1746e+05,0
-5662.9,1.445e+06,6.1832e+05,0
-5702.5,1.4466e+06,6.19e+05,0
-5712.5,1.447e+06,6.1917e+05,0
-5741.8,1.449e+06,6.2003e+05,0
-5717.3,1.451e+06,6.2088e+05,0
-5713,1.4513e+06,6.21e+05,0
-5681.6,1.453e+06,6.2174e+05,0
-5643.6,1.455e+06,6.2259e+05,0
-5630.7,1.4559e+06,6.23e+05,0
-5606.6,1.457e+06,6.2345e+05,0
-5570.1,1.459e+06,6.2431e+05,0
-5528.4,1.4606e+06,6.25e+05,0
-5519.2,1.461e+06,6.2516e+05,0
-5413.4,1.463e+06,6.2602e+05,0
-5377.6,1.465e+06,6.2687e+05,0
-5375.5,1.4653e+06,6.27e+05,0
-5376.5,1.467e+06,6.2773e+05,0
-5420.1,1.469e+06,6.2858e+05,0
-5447.9,1.47e+06,6.29e+05,0
-5480.1,1.471e+06,6.2944e+05,0
-5519,1.473e+06,6.303e+05,0
-5544.8,1.4746e+06,6.31e+05,0
-5552,1.475e+06,6.3115e+05,0
-5593.4,1.477e+06,6.3201e+05,0
-5613.9,1.479e+06,6.3286e+05,0
-5612.3,1.4793e+06,6.33e+05,0
-5599.4,1.481e+06,6.3372e+05,0
-5596.4,1.483e+06,6.3458e+05,0
-5587.9,1.484e+06,6.35e+05,0
-5582.6,1.485e+06,6.3543e+05,0
-5559.6,1.487e+06,6.3629e+05,0
-5563.4,1.4887e+06,6.37e+05,0
-5565.6,1.489e+06,6.3714e+05,0
-5600,1.491e+06,6.38e+05,0
-5632.5,1.493e+06,6.3885e+05,0
-5632.3,1.4933e+06,6.39e+05,0
-5607.3,1.495e+06,6.3971e+05,0
-5618.2,1.497e+06,6.4057e+05,0
-5509.3,1.498e+06,6.41e+05,0
-5416.4,1.499e+06,6.4142e+05,0
-5397.2,1.501e+06,6.4228e+05,0
-5579.4,1.5027e+06,6.43e+05,0
-5603.8,1.503e+06,6.4313e+05,0
-5664.2,1.505e+06,6.4399e+05,0
-5631.9,1.507e+06,6.4484e+05,0
-5626.6,1.5074e+06,6.45e+05,0
-5616.1,1.509e+06,6.457e+05,0
-5612.3,1.511e+06,6.4656e+05,0
-5612.6,1.512e+06,6.47e+05,0
-5612,1.513e+06,6.4741e+05,0
-5645.6,1.515e+06,6.4827e+05,0
-5640.9,1.5167e+06,6.49e+05,0
-5640.7,1.517e+06,6.4912e+05,0
-5636.8,1.519e+06,6.4998e+05,0
-5654.9,1.521e+06,6.5084e+05,0
-5656.1,1.5214e+06,6.51e+05,0
-5664,1.523e+06,6.5169e+05,0
-5669.9,1.525e+06,6.5255e+05,0
-5674,1.5261e+06,6.53e+05,0
-5676.3,1.527e+06,6.534e+05,0
-5540.7,1.529e+06,6.5426e+05,0
-5318,1.5307e+06,6.55e+05,0
-5286.8,1.531e+06,6.5511e+05,0
-5201.8,1.533e+06,6.5597e+05,0
-5216.7,1.535e+06,6.5683e+05,0
-5217.1,1.5354e+06,6.57e+05,0
-5220.8,1.537e+06,6.5768e+05,0
-5245.8,1.539e+06,6.5854e+05,0
-5236.8,1.5401e+06,6.59e+05,0
-5227.3,1.541e+06,6.5939e+05,0
-5191.4,1.543e+06,6.6025e+05,0
-5138.2,1.5448e+06,6.61e+05,0
-5133.1,1.545e+06,6.611e+05,0
-5174.5,1.547e+06,6.6196e+05,0
-5232.6,1.549e+06,6.6282e+05,0
-5232.3,1.5494e+06,6.63e+05,0
-5221.3,1.551e+06,6.6367e+05,0
-5189.3,1.553e+06,6.6453e+05,0
-5187.4,1.5541e+06,6.65e+05,0
-5186.1,1.555e+06,6.6538e+05,0
-5181.5,1.557e+06,6.6624e+05,0
-5200.7,1.5588e+06,6.67e+05,0
-5203.3,1.559e+06,6.671e+05,0
-5204.1,1.561e+06,6.6795e+05,0
-5203.1,1.563e+06,6.6881e+05,0
-5207.3,1.5635e+06,6.69e+05,0
-5212,1.565e+06,6.6966e+05,0
-5193.4,1.567e+06,6.7052e+05,0
-5202.4,1.5681e+06,6.71e+05,0
-5211.8,1.569e+06,6.7137e+05,0
-5224.9,1.571e+06,6.7223e+05,0
-5190.4,1.5728e+06,6.73e+05,0
-5187.8,1.573e+06,6.7309e+05,0
-5180.7,1.575e+06,6.7394e+05,0
-5209.3,1.577e+06,6.748e+05,0
-5209.7,1.5775e+06,6.75e+05,0
-5217.8,1.579e+06,6.7565e+05,0
-5211.2,1.581e+06,6.7651e+05,0
-5228,1.5821e+06,6.77e+05,0
-5239.1,1.583e+06,6.7737e+05,0
-5270.1,1.585e+06,6.7822e+05,0
-5272.2,1.5868e+06,6.79e+05,0
-5272.2,1.587e+06,6.7908e+05,0
-5275.3,1.589e+06,6.7993e+05,0
-5268.8,1.591e+06,6.8079e+05,0
-5269.9,1.5915e+06,6.81e+05,0
-5276.1,1.593e+06,6.8164e+05,0
-5282.2,1.595e+06,6.825e+05,0
-5260.1,1.5962e+06,6.83e+05,0
-5243.8,1.597e+06,6.8336e+05,0
-5231.2,1.599e+06,6.8421e+05,0
-5192.1,1.6008e+06,6.85e+05,0
-5187.6,1.601e+06,6.8507e+05,0
-5130.7,1.603e+06,6.8592e+05,0
-5072,1.605e+06,6.8678e+05,0
-5061.1,1.6055e+06,6.87e+05,0
-4997.3,1.607e+06,6.8763e+05,0
-5061.2,1.609e+06,6.8849e+05,0
-5038.8,1.6102e+06,6.89e+05,0
-4998.2,1.611e+06,6.8935e+05,0
-5044.3,1.613e+06,6.902e+05,0
-4957.1,1.6149e+06,6.91e+05,0
-4951.4,1.615e+06,6.9106e+05,0
-5031.9,1.617e+06,6.9191e+05,0
-5127.9,1.619e+06,6.9277e+05,0
-5162,1.6195e+06,6.93e+05,0
-5270.3,1.621e+06,6.9363e+05,0
-5386.9,1.623e+06,6.9448e+05,0
-5436.9,1.6242e+06,6.95e+05,0
-5469.9,1.625e+06,6.9534e+05,0
-5535.3,1.627e+06,6.9619e+05,0
-5557.4,1.6289e+06,6.97e+05,0
-5558.1,1.629e+06,6.9705e+05,0
-5555.5,1.631e+06,6.979e+05,0
-5541.1,1.633e+06,6.9876e+05,0
-5533.5,1.6336e+06,6.99e+05,0
-5502.8,1.635e+06,6.9962e+05,0
-5487.5,1.637e+06,7.0047e+05,0
-5473.2,1.6382e+06,7.01e+05,0
-5464.4,1.639e+06,7.0133e+05,0
-5498.3,1.641e+06,7.0218e+05,0
-5536,1.6429e+06,7.03e+05,0
-5538.1,1.643e+06,7.0304e+05,0
-5612.3,1.645e+06,7.039e+05,0
-5679.8,1.647e+06,7.0475e+05,0
-5693.2,1.6476e+06,7.05e+05,0
-5720.9,1.649e+06,7.0561e+05,0
-5725.3,1.651e+06,7.0646e+05,0
-5720.9,1.6523e+06,7.07e+05,0
-5712.5,1.653e+06,7.0732e+05,0
-5648.1,1.655e+06,7.0817e+05,0
-5567.2,1.6569e+06,7.09e+05,0
-5564.1,1.657e+06,7.0903e+05,0
-5403.8,1.659e+06,7.0989e+05,0
-5209,1.661e+06,7.1074e+05,0
-5115.9,1.6616e+06,7.11e+05,0
-4926.4,1.663e+06,7.116e+05,0
-4640.2,1.665e+06,7.1245e+05,0
-4446.5,1.6663e+06,7.13e+05,0
-4362.3,1.667e+06,7.1331e+05,0
-4105,1.669e+06,7.1416e+05,0
-3951.6,1.671e+06,7.15e+05,0
-3949.5,1.671e+06,7.1502e+05,0
-3890.7,1.673e+06,7.1588e+05,0
-3979.9,1.675e+06,7.1673e+05,0
-4035.3,1.6756e+06,7.17e+05,0
-4152.2,1.677e+06,7.1759e+05,0
-4586.1,1.679e+06,7.1844e+05,0
-4787.8,1.6803e+06,7.19e+05,0
-4894.8,1.681e+06,7.193e+05,0
-5318,1.683e+06,7.2016e+05,0
-5550.1,1.685e+06,7.21e+05,0
-5552.8,1.685e+06,7.2101e+05,0
-5789.3,1.687e+06,7.2187e+05,0
-5888.8,1.689e+06,7.2272e+05,0
-5934.4,1.6896e+06,7.23e+05,0
-6034.5,1.691e+06,7.2358e+05,0
-6058,1.693e+06,7.2443e+05,0
-6050.5,1.6943e+06,7.25e+05,0
-6045.5,1.695e+06,7.2529e+05,0
-5910.6,1.697e+06,7.2615e+05,0
-5908,1.699e+06,7.27e+05,0
-5908,1.699e+06,7.27e+05,0
-5844.4,1.701e+06,7.2786e+05,0
-5911.4,1.703e+06,7.2871e+05,0
-5896.3,1.7037e+06,7.29e+05,0
-5852.3,1.705e+06,7.2957e+05,0
-5914.3,1.707e+06,7.3042e+05,0
-5905.7,1.7083e+06,7.31e+05,0
-5890.1,1.709e+06,7.3128e+05,0
-5871.9,1.711e+06,7.3214e+05,0
-5861.9,1.713e+06,7.3299e+05,0
-5861.8,1.713e+06,7.33e+05,0
-5838.9,1.715e+06,7.3385e+05,0
-5820.5,1.717e+06,7.347e+05,0
-5814,1.7177e+06,7.35e+05,0
-5802.9,1.719e+06,7.3556e+05,0
-5785.5,1.721e+06,7.3642e+05,0
-5772,1.7224e+06,7.37e+05,0
-5767.4,1.723e+06,7.3727e+05,0
-5753.1,1.725e+06,7.3813e+05,0
-5732.1,1.727e+06,7.3898e+05,0
-5732,1.727e+06,7.39e+05,0
-5725.6,1.729e+06,7.3984e+05,0
-5713.2,1.731e+06,7.4069e+05,0
-5716.4,1.7317e+06,7.41e+05,0
-5719.1,1.733e+06,7.4155e+05,0
-5728.9,1.735e+06,7.4241e+05,0
-5748.2,1.7364e+06,7.43e+05,0
-5752.5,1.737e+06,7.4326e+05,0
-5771.9,1.739e+06,7.4412e+05,0
-5786.7,1.741e+06,7.4497e+05,0
-5787.7,1.7411e+06,7.45e+05,0
-5816.2,1.743e+06,7.4583e+05,0
-5842.1,1.745e+06,7.4668e+05,0
-5842.4,1.7457e+06,7.47e+05,0
-5838.2,1.747e+06,7.4754e+05,0
-5806.4,1.749e+06,7.484e+05,0
-5766.7,1.7504e+06,7.49e+05,0
-5750.1,1.751e+06,7.4925e+05,0
-5692.6,1.753e+06,7.5011e+05,0
-5627.6,1.755e+06,7.5096e+05,0
-5626,1.7551e+06,7.51e+05,0
-5594.4,1.757e+06,7.5182e+05,0
-5587.4,1.759e+06,7.5268e+05,0
-5593.1,1.7598e+06,7.53e+05,0
-5600.7,1.761e+06,7.5353e+05,0
-5618.3,1.763e+06,7.5439e+05,0
-5627.6,1.7644e+06,7.55e+05,0
-5628.9,1.765e+06,7.5524e+05,0
-5625.6,1.767e+06,7.561e+05,0
-5631.5,1.769e+06,7.5695e+05,0
-5630.8,1.7691e+06,7.57e+05,0
-5618.1,1.771e+06,7.5781e+05,0
-5632.9,1.773e+06,7.5867e+05,0
-5639.1,1.7738e+06,7.59e+05,0
-5649.9,1.775e+06,7.5952e+05,0
-5653.6,1.777e+06,7.6038e+05,0
-5641.6,1.7785e+06,7.61e+05,0
-5636.8,1.779e+06,7.6123e+05,0
-5646.5,1.781e+06,7.6209e+05,0
-5656,1.783e+06,7.6295e+05,0
-5657.2,1.7831e+06,7.63e+05,0
-5671.9,1.785e+06,7.638e+05,0
-5685.9,1.787e+06,7.6466e+05,0
-5688.3,1.7878e+06,7.65e+05,0
-5692.1,1.789e+06,7.6551e+05,0
-5696.4,1.791e+06,7.6637e+05,0
-5698.3,1.7925e+06,7.67e+05,0
-5699.6,1.793e+06,7.6722e+05,0
-5687.2,1.795e+06,7.6808e+05,0
-5679.6,1.797e+06,7.6894e+05,0
-5679.3,1.7972e+06,7.69e+05,0
-5671.3,1.799e+06,7.6979e+05,0
-5670,1.801e+06,7.7065e+05,0
-5669.5,1.8018e+06,7.71e+05,0
-5667,1.803e+06,7.715e+05,0
-5666.6,1.805e+06,7.7236e+05,0
-5681.3,1.8065e+06,7.73e+05,0
-5686.5,1.807e+06,7.7321e+05,0
-5674.7,1.809e+06,7.7407e+05,0
-5585.9,1.811e+06,7.7493e+05,0
-5578.3,1.8112e+06,7.75e+05,0
-5502.8,1.813e+06,7.7578e+05,0
-5510.3,1.815e+06,7.7664e+05,0
-5509.4,1.8158e+06,7.77e+05,0
-5512.1,1.817e+06,7.7749e+05,0
-5505.1,1.819e+06,7.7835e+05,0
-5510.9,1.8205e+06,7.79e+05,0
-5511.8,1.821e+06,7.7921e+05,0
-5491.1,1.823e+06,7.8006e+05,0
-5484.8,1.825e+06,7.8092e+05,0
-5485,1.8252e+06,7.81e+05,0
-5486.8,1.827e+06,7.8177e+05,0
-5502.6,1.829e+06,7.8263e+05,0
-5507.4,1.8299e+06,7.83e+05,0
-5514.4,1.831e+06,7.8348e+05,0
-5522.3,1.833e+06,7.8434e+05,0
-5516.1,1.8345e+06,7.85e+05,0
-5514.7,1.835e+06,7.852e+05,0
-5497.7,1.837e+06,7.8605e+05,0
-5460,1.839e+06,7.8691e+05,0
-5455.3,1.8392e+06,7.87e+05,0
-5418.8,1.841e+06,7.8776e+05,0
-5366.7,1.843e+06,7.8862e+05,0
-5340.7,1.8439e+06,7.89e+05,0
-5312.7,1.845e+06,7.8947e+05,0
-5265.8,1.847e+06,7.9033e+05,0
-5247.4,1.8486e+06,7.91e+05,0
-5244.5,1.849e+06,7.9119e+05,0
-5167,1.851e+06,7.9204e+05,0
-5078.2,1.853e+06,7.929e+05,0
-5068.3,1.8532e+06,7.93e+05,0
-4999.4,1.855e+06,7.9375e+05,0
-4994.2,1.857e+06,7.9461e+05,0
-4983,1.8579e+06,7.95e+05,0
-4968.1,1.859e+06,7.9547e+05,0
-4936.3,1.861e+06,7.9632e+05,0
-4905.5,1.8626e+06,7.97e+05,0
-4897.5,1.863e+06,7.9718e+05,0
-4878,1.865e+06,7.9803e+05,0
-4865.4,1.867e+06,7.9889e+05,0
-4864,1.8673e+06,7.99e+05,0
-4855.9,1.869e+06,7.9974e+05,0
-4851.4,1.871e+06,8.006e+05,0
-4856.5,1.8719e+06,8.01e+05,0
-4862.1,1.873e+06,8.0146e+05,0
-4866.8,1.875e+06,8.0231e+05,0
-4859.5,1.8766e+06,8.03e+05,0
-4858.8,1.877e+06,8.0317e+05,0
-4836.8,1.879e+06,8.0402e+05,0
-4829.7,1.881e+06,8.0488e+05,0
-4830.8,1.8813e+06,8.05e+05,0
-4827.6,1.883e+06,8.0574e+05,0
-4810.8,1.885e+06,8.0659e+05,0
-4836.1,1.886e+06,8.07e+05,0
-4868.7,1.887e+06,8.0745e+05,0
-4866.6,1.889e+06,8.083e+05,0
-4911,1.8906e+06,8.09e+05,0
-4917.9,1.891e+06,8.0916e+05,0
-4925.3,1.893e+06,8.1001e+05,0
-4848.1,1.895e+06,8.1087e+05,0
-4824.9,1.8953e+06,8.11e+05,0
-4714.1,1.897e+06,8.1173e+05,0
-4610.3,1.899e+06,8.1258e+05,0
-4587.4,1.9e+06,8.13e+05,0
-4569.5,1.901e+06,8.1344e+05,0
-4583.3,1.903e+06,8.1429e+05,0
-4655.2,1.9047e+06,8.15e+05,0
-4671.3,1.905e+06,8.1515e+05,0
-4767.9,1.907e+06,8.16e+05,0
-4868.3,1.909e+06,8.1686e+05,0
-4885.9,1.9093e+06,8.17e+05,0
-4967.4,1.911e+06,8.1772e+05,0
-5017.7,1.913e+06,8.1857e+05,0
-5029.5,1.914e+06,8.19e+05,0
-5038.3,1.915e+06,8.1943e+05,0
-5016.2,1.917e+06,8.2028e+05,0
-4969.5,1.9187e+06,8.21e+05,0
-4961,1.919e+06,8.2114e+05,0
-4892.2,1.921e+06,8.22e+05,0
-4816.3,1.923e+06,8.2285e+05,0
-4806.5,1.9233e+06,8.23e+05,0
-4766.5,1.925e+06,8.2371e+05,0
-4753.4,1.927e+06,8.2456e+05,0
-4767.3,1.928e+06,8.25e+05,0
-4780.8,1.929e+06,8.2542e+05,0
-4842.1,1.931e+06,8.2627e+05,0
-4905.6,1.9327e+06,8.27e+05,0
-4915.9,1.933e+06,8.2713e+05,0
-4976.8,1.935e+06,8.2799e+05,0
-4976.5,1.937e+06,8.2884e+05,0
-4974.3,1.9374e+06,8.29e+05,0
-4961.5,1.939e+06,8.297e+05,0
-4901.7,1.941e+06,8.3055e+05,0
-4876.2,1.942e+06,8.31e+05,0
-4858.5,1.943e+06,8.3141e+05,0
-4845.2,1.945e+06,8.3226e+05,0
-4847.7,1.9467e+06,8.33e+05,0
-4849.1,1.947e+06,8.3312e+05,0
-4859.2,1.949e+06,8.3398e+05,0
-4896.1,1.951e+06,8.3483e+05,0
-4901.1,1.9514e+06,8.35e+05,0
-4924.2,1.953e+06,8.3569e+05,0
-4961.3,1.955e+06,8.3654e+05,0
-4987.1,1.9561e+06,8.37e+05,0
-5007.3,1.957e+06,8.374e+05,0
-5027.8,1.959e+06,8.3826e+05,0
-5076.1,1.9607e+06,8.39e+05,0
-5081.4,1.961e+06,8.3911e+05,0
-5099.3,1.963e+06,8.3997e+05,0
-5111.2,1.965e+06,8.4082e+05,0
-5108.8,1.9654e+06,8.41e+05,0
-5092.2,1.967e+06,8.4168e+05,0
-5074.4,1.969e+06,8.4253e+05,0
-5066.4,1.9701e+06,8.43e+05,0
-5061,1.971e+06,8.4339e+05,0
-5056.6,1.973e+06,8.4425e+05,0
-5056.1,1.9748e+06,8.45e+05,0
-5056.3,1.975e+06,8.451e+05,0
-5051.9,1.977e+06,8.4596e+05,0
-5035,1.979e+06,8.4681e+05,0
-5026.7,1.9794e+06,8.47e+05,0
-4992.3,1.981e+06,8.4767e+05,0
-4923.7,1.983e+06,8.4853e+05,0
-4889.4,1.9841e+06,8.49e+05,0
-4863.4,1.985e+06,8.4938e+05,0
-4802.1,1.987e+06,8.5024e+05,0
-4771.8,1.9888e+06,8.51e+05,0
-4769.6,1.989e+06,8.5109e+05,0
-4753.6,1.991e+06,8.5195e+05,0
-4775.3,1.993e+06,8.528e+05,0
-4776.1,1.9935e+06,8.53e+05,0
-4782.3,1.995e+06,8.5366e+05,0
-4790,1.997e+06,8.5452e+05,0
-4798.1,1.9981e+06,8.55e+05,0
-4801.1,1.999e+06,8.5537e+05,0
-4786.1,2.001e+06,8.5623e+05,0
-4790.7,2.0028e+06,8.57e+05,0
-4791.3,2.003e+06,8.5708e+05,0
-4790.8,2.005e+06,8.5794e+05,0
-4807.4,2.007e+06,8.5879e+05,0
-4815.9,2.0075e+06,8.59e+05,0
-4828.3,2.009e+06,8.5965e+05,0
-4817.1,2.011e+06,8.6051e+05,0
-4801.4,2.0122e+06,8.61e+05,0
-4786.2,2.013e+06,8.6136e+05,0
-4738.2,2.015e+06,8.6222e+05,0
-4693.5,2.0168e+06,8.63e+05,0
-4689.4,2.017e+06,8.6307e+05,0
-4649.4,2.019e+06,8.6393e+05,0
-4632.9,2.021e+06,8.6479e+05,0
-4634.1,2.0215e+06,8.65e+05,0
-4650.1,2.023e+06,8.6564e+05,0
-4711.6,2.025e+06,8.665e+05,0
-4761.7,2.0262e+06,8.67e+05,0
-4802.2,2.027e+06,8.6735e+05,0
-4896.3,2.029e+06,8.6821e+05,0
-4988.1,2.0308e+06,8.69e+05,0
-4995.1,2.031e+06,8.6906e+05,0
-5043.3,2.033e+06,8.6992e+05,0
-5047.7,2.035e+06,8.7078e+05,0
-5039,2.0355e+06,8.71e+05,0
-5006.9,2.037e+06,8.7163e+05,0
-4955.5,2.039e+06,8.7249e+05,0
-4940.6,2.0402e+06,8.73e+05,0
-4931,2.041e+06,8.7334e+05,0
-4948.5,2.043e+06,8.742e+05,0
-4989.7,2.0449e+06,8.75e+05,0
-4993,2.045e+06,8.7505e+05,0
-5068.9,2.047e+06,8.7591e+05,0
-5113.6,2.049e+06,8.7677e+05,0
-5121.4,2.0495e+06,8.77e+05,0
-5133.8,2.051e+06,8.7762e+05,0
-5136.8,2.053e+06,8.7848e+05,0
-5126.7,2.0542e+06,8.79e+05,0
-5123.9,2.055e+06,8.7933e+05,0
-5113.8,2.057e+06,8.8019e+05,0
-5151.4,2.0589e+06,8.81e+05,0
-5153.6,2.059e+06,8.8105e+05,0
-5213.5,2.061e+06,8.819e+05,0
-5244.5,2.063e+06,8.8276e+05,0
-5246.4,2.0636e+06,8.83e+05,0
-5254.5,2.065e+06,8.8361e+05,0
-5276.4,2.067e+06,8.8447e+05,0
-5299.8,2.0682e+06,8.85e+05,0
-5314.2,2.069e+06,8.8532e+05,0
-5364.8,2.071e+06,8.8618e+05,0
-5470.9,2.0729e+06,8.87e+05,0
-5475.6,2.073e+06,8.8704e+05,0
-5550.9,2.075e+06,8.8789e+05,0
-5584,2.077e+06,8.8875e+05,0
-5587.1,2.0776e+06,8.89e+05,0
-5589.8,2.079e+06,8.896e+05,0
-5562.7,2.081e+06,8.9046e+05,0
-5528.2,2.0823e+06,8.91e+05,0
-5506.6,2.083e+06,8.9132e+05,0
-5446.1,2.085e+06,8.9217e+05,0
-5381.3,2.0869e+06,8.93e+05,0
-5379.5,2.087e+06,8.9303e+05,0
-5332.3,2.089e+06,8.9388e+05,0
-5312.5,2.091e+06,8.9474e+05,0
-5307.8,2.0916e+06,8.95e+05,0
-5304,2.093e+06,8.9559e+05,0
-5318,2.095e+06,8.9645e+05,0
-5325.9,2.0963e+06,8.97e+05,0
-5332.2,2.097e+06,8.9731e+05,0
-5358.5,2.099e+06,8.9816e+05,0
-5381,2.101e+06,8.99e+05,0
-5381.5,2.101e+06,8.9902e+05,0
-5384.9,2.103e+06,8.9987e+05,0
-5381.3,2.105e+06,9.0073e+05,0
-5374.8,2.1056e+06,9.01e+05,0
-5356.7,2.107e+06,9.0158e+05,0
-5328.2,2.109e+06,9.0244e+05,0
-5312.2,2.1103e+06,9.03e+05,0
-5303.3,2.111e+06,9.033e+05,0
-5296.1,2.113e+06,9.0415e+05,0
-5308.9,2.115e+06,9.05e+05,0
-5309.1,2.115e+06,9.0501e+05,0
-5335,2.117e+06,9.0586e+05,0
-5363.8,2.119e+06,9.0672e+05,0
-5370.6,2.1197e+06,9.07e+05,0
-5386.8,2.121e+06,9.0758e+05,0
-5404,2.123e+06,9.0843e+05,0
-5414,2.1243e+06,9.09e+05,0
-5421.5,2.125e+06,9.0929e+05,0
-5443.6,2.127e+06,9.1014e+05,0
-5476.7,2.129e+06,9.11e+05,0
-5476.8,2.129e+06,9.11e+05,0
-5508.2,2.131e+06,9.1185e+05,0
-5530.2,2.133e+06,9.1271e+05,0
-5537.8,2.1337e+06,9.13e+05,0
-5546.5,2.135e+06,9.1357e+05,0
-5544.8,2.137e+06,9.1442e+05,0
-5539.2,2.1384e+06,9.15e+05,0
-5534.9,2.139e+06,9.1528e+05,0
-5531.4,2.141e+06,9.1613e+05,0
-5534.1,2.143e+06,9.1699e+05,0
-5534.3,2.143e+06,9.17e+05,0
-5551.3,2.145e+06,9.1784e+05,0
-5575.4,2.147e+06,9.187e+05,0
-5581.5,2.1477e+06,9.19e+05,0
-5593.3,2.149e+06,9.1956e+05,0
-5593.3,2.151e+06,9.2041e+05,0
-5575.4,2.1524e+06,9.21e+05,0
-5564.6,2.153e+06,9.2127e+05,0
-5508.5,2.155e+06,9.2212e+05,0
-5449.1,2.157e+06,9.2298e+05,0
-5447.7,2.157e+06,9.23e+05,0
-5395.4,2.159e+06,9.2384e+05,0
-5358.5,2.161e+06,9.2469e+05,0
-5348.9,2.1617e+06,9.25e+05,0
-5332.3,2.163e+06,9.2555e+05,0
-5300.4,2.165e+06,9.264e+05,0
-5272.8,2.1664e+06,9.27e+05,0
-5259.9,2.167e+06,9.2726e+05,0
-5204.8,2.169e+06,9.2811e+05,0
-5133.2,2.171e+06,9.2897e+05,0
-5130.2,2.1711e+06,9.29e+05,0
-5047.2,2.173e+06,9.2983e+05,0
-4916.3,2.175e+06,9.3068e+05,0
-4850.9,2.1757e+06,9.31e+05,0
-4747.4,2.177e+06,9.3154e+05,0
-4524.2,2.179e+06,9.3239e+05,0
-4356.1,2.1804e+06,9.33e+05,0
-4291.7,2.181e+06,9.3325e+05,0
-4029.2,2.183e+06,9.341e+05,0
-3756.8,2.185e+06,9.3496e+05,0
-3747.1,2.1851e+06,9.35e+05,0
-3546.1,2.187e+06,9.3582e+05,0
-3397.2,2.189e+06,9.3667e+05,0
-3284.5,2.1898e+06,9.37e+05,0
-3101.1,2.191e+06,9.3753e+05,0
-2797.9,2.193e+06,9.3838e+05,0
-2600,2.1944e+06,9.39e+05,0
-2519.6,2.195e+06,9.3924e+05,0
-2178.5,2.197e+06,9.401e+05,0
-1717,2.199e+06,9.4095e+05,0
-1693.9,2.1991e+06,9.41e+05,0
-1304.2,2.201e+06,9.4181e+05,0
-824.75,2.203e+06,9.4266e+05,0
-690.76,2.2038e+06,9.43e+05,0
-503.25,2.205e+06,9.4352e+05,0
-283.46,2.207e+06,9.4437e+05,0
-272.75,2.2085e+06,9.45e+05,0
-289.79,2.209e+06,9.4523e+05,0
-648.83,2.211e+06,9.4609e+05,0
-1212.8,2.213e+06,9.4694e+05,0
-1258,2.2131e+06,9.47e+05,0
-1963.5,2.215e+06,9.478e+05,0
-2642.7,2.217e+06,9.4865e+05,0
-2743.9,2.2178e+06,9.49e+05,0
-2862.2,2.219e+06,9.4951e+05,0
-3033.4,2.221e+06,9.5037e+05,0
-3025.6,2.2225e+06,9.51e+05,0
-3021.2,2.223e+06,9.5122e+05,0
-2978.3,2.225e+06,9.5208e+05,0
-2940.4,2.227e+06,9.5293e+05,0
-2962.6,2.2272e+06,9.53e+05,0
-3246.5,2.229e+06,9.5379e+05,0
-3617.9,2.231e+06,9.5464e+05,0
-3769.1,2.2318e+06,9.55e+05,0
-3945.9,2.233e+06,9.555e+05,0
-4223.1,2.235e+06,9.5636e+05,0
-4401.4,2.2365e+06,9.57e+05,0
-4457.1,2.237e+06,9.5721e+05,0
-4658,2.239e+06,9.5807e+05,0
-4845.2,2.241e+06,9.5892e+05,0
-4859.5,2.2412e+06,9.59e+05,0
-5008.3,2.243e+06,9.5978e+05,0
-5137.4,2.245e+06,9.6063e+05,0
-5176.9,2.2459e+06,9.61e+05,0
-5232.7,2.247e+06,9.6149e+05,0
-5295.3,2.249e+06,9.6235e+05,0
-5333.1,2.2505e+06,9.63e+05,0
-5344.9,2.251e+06,9.632e+05,0
-5362.7,2.253e+06,9.6406e+05,0
-5387.6,2.255e+06,9.6491e+05,0
-5390.6,2.2552e+06,9.65e+05,0
-5413.2,2.257e+06,9.6577e+05,0
-5457.7,2.259e+06,9.6663e+05,0
-5478.3,2.2599e+06,9.67e+05,0
-5501.2,2.261e+06,9.6748e+05,0
-5562.3,2.263e+06,9.6834e+05,0
-5611.5,2.2645e+06,9.69e+05,0
-5625.1,2.265e+06,9.6919e+05,0
-5679.2,2.267e+06,9.7005e+05,0
-5723.2,2.269e+06,9.709e+05,0
-5726.7,2.2692e+06,9.71e+05,0
-5755,2.271e+06,9.7176e+05,0
-5781.9,2.273e+06,9.7262e+05,0
-5791.4,2.2739e+06,9.73e+05,0
-5803.8,2.275e+06,9.7347e+05,0
-5824.9,2.277e+06,9.7433e+05,0
-5856.1,2.2786e+06,9.75e+05,0
-5867.3,2.279e+06,9.7518e+05,0
-5909.9,2.281e+06,9.7604e+05,0
-5928,2.283e+06,9.769e+05,0
-5929,2.2832e+06,9.77e+05,0
-5936.5,2.285e+06,9.7775e+05,0
-5934.2,2.287e+06,9.7861e+05,0
-5922.2,2.2879e+06,9.79e+05,0
-5909.8,2.289e+06,9.7946e+05,0
-5857.4,2.291e+06,9.8032e+05,0
-5794.9,2.2926e+06,9.81e+05,0
-5779.3,2.293e+06,9.8117e+05,0
-5696.1,2.295e+06,9.8203e+05,0
-5593.8,2.297e+06,9.8289e+05,0
-5576.8,2.2973e+06,9.83e+05,0
-5462.2,2.299e+06,9.8374e+05,0
-5361.3,2.301e+06,9.846e+05,0
-5340.2,2.3019e+06,9.85e+05,0
-5319.6,2.303e+06,9.8545e+05,0
-5321.4,2.305e+06,9.8631e+05,0
-5357.2,2.3066e+06,9.87e+05,0
-5367,2.307e+06,9.8716e+05,0
-5463.2,2.309e+06,9.8802e+05,0
-5591.1,2.311e+06,9.8888e+05,0
-5609,2.3113e+06,9.89e+05,0
-5710.8,2.313e+06,9.8973e+05,0
-5792.1,2.315e+06,9.9059e+05,0
-5812.7,2.316e+06,9.91e+05,0
-5829.8,2.317e+06,9.9144e+05,0
-5822,2.319e+06,9.923e+05,0
-5782.2,2.3206e+06,9.93e+05,0
-5771.5,2.321e+06,9.9316e+05,0
-5702.5,2.323e+06,9.9401e+05,0
-5624.7,2.325e+06,9.9487e+05,0
-5617,2.3253e+06,9.95e+05,0
-5580.9,2.327e+06,9.9572e+05,0
-5579.9,2.329e+06,9.9658e+05,0
-5598.2,2.33e+06,9.97e+05,0
-5617,2.331e+06,9.9743e+05,0
-5681.1,2.333e+06,9.9829e+05,0
-5711,2.3347e+06,9.99e+05,0
-5714.7,2.335e+06,9.9915e+05,0
-5716.7,2.337e+06,1e+06,0
-5711.6,2.339e+06,1.0009e+06,0
-5708.2,2.3393e+06,1.001e+06,0
-5685.3,2.341e+06,1.0017e+06,0
-5660.1,2.343e+06,1.0026e+06,0
-5650.5,2.344e+06,1.003e+06,0
-5639.7,2.345e+06,1.0034e+06,0
-5625.1,2.347e+06,1.0043e+06,0
-5614.9,2.3487e+06,1.005e+06,0
-5613.1,2.349e+06,1.0051e+06,0
-5614.7,2.351e+06,1.006e+06,0
-5641.5,2.353e+06,1.0068e+06,0
-5643.9,2.3534e+06,1.007e+06,0
-5655,2.355e+06,1.0077e+06,0
-5609.6,2.357e+06,1.0086e+06,0
-5480.8,2.358e+06,1.009e+06,0
-5369.1,2.359e+06,1.0094e+06,0
-5270.1,2.361e+06,1.0103e+06,0
-5262.8,2.3627e+06,1.011e+06,0
-5258.8,2.363e+06,1.0111e+06,0
-5230.1,2.365e+06,1.012e+06,0
-5174.9,2.367e+06,1.0128e+06,0
-5165.5,2.3674e+06,1.013e+06,0
-5131.1,2.369e+06,1.0137e+06,0
-5094.7,2.371e+06,1.0146e+06,0
-5081.5,2.3721e+06,1.015e+06,0
-5068,2.373e+06,1.0154e+06,0
-5038.4,2.375e+06,1.0163e+06,0
-5005.5,2.3767e+06,1.017e+06,0
-4999.7,2.377e+06,1.0171e+06,0
-4949,2.379e+06,1.018e+06,0
-4893.1,2.381e+06,1.0188e+06,0
-4880.8,2.3814e+06,1.019e+06,0
-4833.5,2.383e+06,1.0197e+06,0
-4782.4,2.385e+06,1.0205e+06,0
-4758.6,2.3861e+06,1.021e+06,0
-4742.5,2.387e+06,1.0214e+06,0
-4698.8,2.389e+06,1.0223e+06,0
-4679.7,2.3907e+06,1.023e+06,0
-4678.3,2.391e+06,1.0231e+06,0
-4677.8,2.393e+06,1.024e+06,0
-4703.7,2.395e+06,1.0248e+06,0
-4717.2,2.3954e+06,1.025e+06,0
-4767.8,2.397e+06,1.0257e+06,0
-4864,2.399e+06,1.0265e+06,0
-4929,2.4001e+06,1.027e+06,0
-4981.1,2.401e+06,1.0274e+06,0
-5115.4,2.403e+06,1.0282e+06,0
-5205.2,2.4048e+06,1.029e+06,0
-5216.7,2.405e+06,1.0291e+06,0
-5298.8,2.407e+06,1.03e+06,0
-5341.7,2.409e+06,1.0308e+06,0
-5344.6,2.4094e+06,1.031e+06,0
-5355.4,2.411e+06,1.0317e+06,0
-5358.6,2.413e+06,1.0325e+06,0
-5359.7,2.4141e+06,1.033e+06,0
-5358.8,2.415e+06,1.0334e+06,0
-5373.9,2.417e+06,1.0342e+06,0
-5394.3,2.4188e+06,1.035e+06,0
-5395.9,2.419e+06,1.0351e+06,0
-5403.6,2.421e+06,1.0359e+06,0
-5402.8,2.423e+06,1.0368e+06,0
-5400.7,2.4235e+06,1.037e+06,0
-5391.1,2.425e+06,1.0377e+06,0
-5362.2,2.427e+06,1.0385e+06,0
-5323.7,2.4281e+06,1.039e+06,0
-5299.6,2.429e+06,1.0394e+06,0
-5091.5,2.431e+06,1.0402e+06,0
-4648.8,2.4328e+06,1.041e+06,0
-4601.5,2.433e+06,1.0411e+06,0
-4121.4,2.435e+06,1.0419e+06,0
-3922.4,2.437e+06,1.0428e+06,0
-3896.9,2.4375e+06,1.043e+06,0
-3827.8,2.439e+06,1.0436e+06,0
-3825.5,2.441e+06,1.0445e+06,0
-3919.5,2.4422e+06,1.045e+06,0
-4005.2,2.443e+06,1.0454e+06,0
-4330.2,2.445e+06,1.0462e+06,0
-4784.1,2.4468e+06,1.047e+06,0
-4825.2,2.447e+06,1.0471e+06,0
-5277.8,2.449e+06,1.0479e+06,0
-5573,2.451e+06,1.0488e+06,0
-5581.5,2.4515e+06,1.049e+06,0
-5572.8,2.453e+06,1.0496e+06,0
-5545.1,2.455e+06,1.0505e+06,0
-5551.9,2.4562e+06,1.051e+06,0
-5567.3,2.457e+06,1.0513e+06,0
-5622.7,2.459e+06,1.0522e+06,0
-5652.7,2.4609e+06,1.053e+06,0
-5655.4,2.461e+06,1.0531e+06,0
-5650.2,2.463e+06,1.0539e+06,0
-5544.2,2.465e+06,1.0548e+06,0
-5501.9,2.4655e+06,1.055e+06,0
-5399.9,2.467e+06,1.0556e+06,0
-5257.5,2.469e+06,1.0565e+06,0
-5197.6,2.4702e+06,1.057e+06,0
-5158.4,2.471e+06,1.0573e+06,0
-5103.7,2.473e+06,1.0582e+06,0
-5063,2.4749e+06,1.059e+06,0
-5059.1,2.475e+06,1.0591e+06,0
-5045.3,2.477e+06,1.0599e+06,0
-5068.8,2.479e+06,1.0608e+06,0
-5086.6,2.4796e+06,1.061e+06,0
-5130.4,2.481e+06,1.0616e+06,0
-5237.4,2.483e+06,1.0625e+06,0
-5311,2.4842e+06,1.063e+06,0
-5356.4,2.485e+06,1.0633e+06,0
-5475.4,2.487e+06,1.0642e+06,0
-5573.6,2.4889e+06,1.065e+06,0
-5578.4,2.489e+06,1.065e+06,0
-5636.5,2.491e+06,1.0659e+06,0
-5602.9,2.493e+06,1.0668e+06,0
-5601.2,2.4936e+06,1.067e+06,0
-5601.6,2.495e+06,1.0676e+06,0
-5640,2.497e+06,1.0685e+06,0
-5667.4,2.4982e+06,1.069e+06,0
-5688.1,2.499e+06,1.0693e+06,0
-5736.6,2.501e+06,1.0702e+06,0
-5769.1,2.5029e+06,1.071e+06,0
-5770.6,2.503e+06,1.071e+06,0
-5785.7,2.505e+06,1.0719e+06,0
-5766.5,2.507e+06,1.0727e+06,0
-5751.3,2.5076e+06,1.073e+06,0
-5718.1,2.509e+06,1.0736e+06,0
-5659.1,2.511e+06,1.0745e+06,0
-5622.3,2.5123e+06,1.075e+06,0
-5602.1,2.513e+06,1.0753e+06,0
-5550.4,2.515e+06,1.0762e+06,0
-5512.3,2.5169e+06,1.077e+06,0
-5511.2,2.517e+06,1.077e+06,0
-5481,2.519e+06,1.0779e+06,0
-5467,2.521e+06,1.0787e+06,0
-5463.5,2.5216e+06,1.079e+06,0
-5456.8,2.523e+06,1.0796e+06,0
-5468.6,2.525e+06,1.0804e+06,0
-5488.4,2.5263e+06,1.081e+06,0
-5503,2.527e+06,1.0813e+06,0
-5582.8,2.529e+06,1.0822e+06,0
-5702.3,2.531e+06,1.083e+06,0
-5704.5,2.531e+06,1.083e+06,0
-5782.8,2.533e+06,1.0839e+06,0
-5896,2.535e+06,1.0847e+06,0
-5938.2,2.5356e+06,1.085e+06,0
-6032.9,2.537e+06,1.0856e+06,0
-6156.4,2.539e+06,1.0864e+06,0
-6231.2,2.5403e+06,1.087e+06,0
-6266.1,2.541e+06,1.0873e+06,0
-6393.1,2.543e+06,1.0881e+06,0
-6541,2.545e+06,1.089e+06,0
-6541.6,2.545e+06,1.089e+06,0
-6639.7,2.547e+06,1.0899e+06,0
-6546.4,2.549e+06,1.0907e+06,0
-6515.3,2.5497e+06,1.091e+06,0
-6462.5,2.551e+06,1.0916e+06,0
-6486.9,2.553e+06,1.0924e+06,0
-6510.7,2.5543e+06,1.093e+06,0
-6510.7,2.555e+06,1.0933e+06,0
-6492.3,2.557e+06,1.0941e+06,0
-6474.7,2.559e+06,1.095e+06,0
-6474.6,2.559e+06,1.095e+06,0
-6429.4,2.561e+06,1.0959e+06,0
-6386.6,2.563e+06,1.0967e+06,0
-6372.1,2.5637e+06,1.097e+06,0
-6343.4,2.565e+06,1.0976e+06,0
-6307,2.567e+06,1.0984e+06,0
-6289,2.5684e+06,1.099e+06,0
-6281.9,2.569e+06,1.0993e+06,0
-6263.9,2.571e+06,1.1001e+06,0
-6253.6,2.573e+06,1.101e+06,0
-6253.3,2.573e+06,1.101e+06,0
-6236.1,2.575e+06,1.1018e+06,0
-6221.5,2.577e+06,1.1027e+06,0
-6218.3,2.5777e+06,1.103e+06,0
-6202.5,2.579e+06,1.1036e+06,0
-6168.5,2.581e+06,1.1044e+06,0
-6141.1,2.5824e+06,1.105e+06,0
-6120.1,2.583e+06,1.1053e+06,0
-6039.1,2.585e+06,1.1061e+06,0
-5920.9,2.587e+06,1.107e+06,0
-5916.2,2.5871e+06,1.107e+06,0
-5736.1,2.589e+06,1.1078e+06,0
-5555.3,2.591e+06,1.1087e+06,0
-5497.7,2.5917e+06,1.109e+06,0
-5402.1,2.593e+06,1.1095e+06,0
-5290.8,2.595e+06,1.1104e+06,0
-5205.6,2.5964e+06,1.111e+06,0
-5181.9,2.597e+06,1.1113e+06,0
-5110.6,2.599e+06,1.1121e+06,0
-5062.2,2.601e+06,1.113e+06,0
-5064.5,2.6011e+06,1.113e+06,0
-5196.4,2.603e+06,1.1138e+06,0
-5308.7,2.605e+06,1.1147e+06,0
-5341.7,2.6058e+06,1.115e+06,0
-5401.5,2.607e+06,1.1155e+06,0
-5482.5,2.609e+06,1.1164e+06,0
-5535.9,2.6104e+06,1.117e+06,0
-5557.5,2.611e+06,1.1172e+06,0
-5622.3,2.613e+06,1.1181e+06,0
-5671.2,2.615e+06,1.119e+06,0
-5672.7,2.6151e+06,1.119e+06,0
-5702.3,2.617e+06,1.1198e+06,0
-5725.5,2.619e+06,1.1207e+06,0
-5731.2,2.6198e+06,1.121e+06,0
-5741.5,2.621e+06,1.1215e+06,0
-5744.7,2.623e+06,1.1224e+06,0
-5748.5,2.6244e+06,1.123e+06,0
-5750.8,2.625e+06,1.1232e+06,0
-5734.3,2.627e+06,1.1241e+06,0
-5708.4,2.629e+06,1.1249e+06,0
-5705.8,2.6291e+06,1.125e+06,0
-5659.7,2.631e+06,1.1258e+06,0
-5617.2,2.633e+06,1.1267e+06,0
-5606.1,2.6338e+06,1.127e+06,0
-5587.3,2.635e+06,1.1275e+06,0
-5571.9,2.637e+06,1.1284e+06,0
-5587,2.6385e+06,1.129e+06,0
-5593.3,2.639e+06,1.1292e+06,0
-5652.6,2.641e+06,1.1301e+06,0
-5753,2.643e+06,1.1309e+06,0
-5760.5,2.6431e+06,1.131e+06,0
-5856.9,2.645e+06,1.1318e+06,0
-5963,2.647e+06,1.1327e+06,0
-6002.8,2.6478e+06,1.133e+06,0
-6057.4,2.649e+06,1.1335e+06,0
-6106.8,2.651e+06,1.1344e+06,0
-6117.9,2.6525e+06,1.135e+06,0
-6118.8,2.653e+06,1.1352e+06,0
-6097,2.655e+06,1.1361e+06,0
-6064.9,2.657e+06,1.1369e+06,0
-6062.1,2.6572e+06,1.137e+06,0
-6022.7,2.659e+06,1.1378e+06,0
-5981.5,2.661e+06,1.1386e+06,0
-5964.9,2.6618e+06,1.139e+06,0
-5939,2.663e+06,1.1395e+06,0
-5896,2.665e+06,1.1404e+06,0
-5871.6,2.6665e+06,1.141e+06,0
-5864.6,2.667e+06,1.1412e+06,0
-5851.1,2.669e+06,1.1421e+06,0
-5850.3,2.671e+06,1.1429e+06,0
-5850.8,2.6712e+06,1.143e+06,0
-5858.9,2.673e+06,1.1438e+06,0
-5866.9,2.675e+06,1.1446e+06,0
-5861,2.6759e+06,1.145e+06,0
-5852.9,2.677e+06,1.1455e+06,0
-5821.9,2.679e+06,1.1463e+06,0
-5782.6,2.6805e+06,1.147e+06,0
-5770.7,2.681e+06,1.1472e+06,0
-5715.9,2.683e+06,1.1481e+06,0
-5672.2,2.685e+06,1.1489e+06,0
-5668.8,2.6852e+06,1.149e+06,0
-5641.8,2.687e+06,1.1498e+06,0
-5614.1,2.689e+06,1.1506e+06,0
-5614.6,2.6899e+06,1.151e+06,0
-5614,2.691e+06,1.1515e+06,0
-5627.5,2.693e+06,1.1523e+06,0
-5641.9,2.6946e+06,1.153e+06,0
-5645.6,2.695e+06,1.1532e+06,0
-5665.9,2.697e+06,1.154e+06,0
-5678,2.699e+06,1.1549e+06,0
-5679.2,2.6992e+06,1.155e+06,0
-5695.1,2.701e+06,1.1558e+06,0
-5709.3,2.703e+06,1.1566e+06,0
-5713.1,2.7039e+06,1.157e+06,0
-5719,2.705e+06,1.1575e+06,0
-5721.4,2.707e+06,1.1583e+06,0
-5718.6,2.7086e+06,1.159e+06,0
-5717.4,2.709e+06,1.1592e+06,0
-5711.5,2.711e+06,1.16e+06,0
-5708.3,2.713e+06,1.1609e+06,0
-5708.9,2.7133e+06,1.161e+06,0
-5715.2,2.715e+06,1.1617e+06,0
-5727.2,2.717e+06,1.1626e+06,0
-5730.9,2.7179e+06,1.163e+06,0
-5737,2.719e+06,1.1635e+06,0
-5737.5,2.721e+06,1.1643e+06,0
-5728.8,2.7226e+06,1.165e+06,0
-5727.2,2.723e+06,1.1652e+06,0
-5707.3,2.725e+06,1.166e+06,0
-5682.4,2.727e+06,1.1669e+06,0
-5679.3,2.7273e+06,1.167e+06,0
-5664.6,2.729e+06,1.1677e+06,0
-5665.6,2.731e+06,1.1686e+06,0
-5679.3,2.7319e+06,1.169e+06,0
-5694.9,2.733e+06,1.1694e+06,0
-5737.7,2.735e+06,1.1703e+06,0
-5794.4,2.7366e+06,1.171e+06,0
-5807,2.737e+06,1.1712e+06,0
-5865.9,2.739e+06,1.172e+06,0
-5914.2,2.741e+06,1.1729e+06,0
-5919.9,2.7413e+06,1.173e+06,0
-5947.2,2.743e+06,1.1737e+06,0
-5973.6,2.745e+06,1.1746e+06,0
-5986,2.746e+06,1.175e+06,0
-5997,2.747e+06,1.1754e+06,0
-6023.6,2.749e+06,1.1763e+06,0
-6039.9,2.7506e+06,1.177e+06,0
-6041.7,2.751e+06,1.1772e+06,0
-6062.4,2.753e+06,1.178e+06,0
-6070.5,2.755e+06,1.1789e+06,0
-6072,2.7553e+06,1.179e+06,0
-6072.8,2.757e+06,1.1797e+06,0
-6057.8,2.759e+06,1.1806e+06,0
-6050.3,2.76e+06,1.181e+06,0
-6043.3,2.761e+06,1.1814e+06,0
-6027.8,2.763e+06,1.1823e+06,0
-6011.5,2.7647e+06,1.183e+06,0
-6008.8,2.765e+06,1.1831e+06,0
-5990.7,2.767e+06,1.184e+06,0
-5964.2,2.769e+06,1.1849e+06,0
-5958,2.7693e+06,1.185e+06,0
-5927.1,2.771e+06,1.1857e+06,0
-5879.7,2.773e+06,1.1866e+06,0
-5853.2,2.774e+06,1.187e+06,0
-5827.1,2.775e+06,1.1874e+06,0
-5772.1,2.777e+06,1.1883e+06,0
-5734.5,2.7787e+06,1.189e+06,0
-5728.1,2.779e+06,1.1891e+06,0
-5698.9,2.781e+06,1.19e+06,0
-5689.2,2.783e+06,1.1908e+06,0
-5688.9,2.7834e+06,1.191e+06,0
-5690.1,2.785e+06,1.1917e+06,0
-5704,2.787e+06,1.1926e+06,0
-5708.6,2.788e+06,1.193e+06,0
-5711.9,2.789e+06,1.1934e+06,0
-5740.5,2.791e+06,1.1943e+06,0
-5751.3,2.7927e+06,1.195e+06,0
-5752.6,2.793e+06,1.1951e+06,0
-5764.5,2.795e+06,1.196e+06,0
-5774.9,2.797e+06,1.1968e+06,0
-5776.1,2.7974e+06,1.197e+06,0
-5782.4,2.799e+06,1.1977e+06,0
-5799.6,2.801e+06,1.1985e+06,0
-5808.4,2.8021e+06,1.199e+06,0
-5817.5,2.803e+06,1.1994e+06,0
-5834.7,2.805e+06,1.2003e+06,0
-5838.6,2.8067e+06,1.201e+06,0
-5839.1,2.807e+06,1.2011e+06,0
-5829.6,2.809e+06,1.202e+06,0
-5795.5,2.811e+06,1.2028e+06,0
-5786.4,2.8114e+06,1.203e+06,0
-5757.3,2.813e+06,1.2037e+06,0
-5724,2.815e+06,1.2045e+06,0
-5710.2,2.8161e+06,1.205e+06,0
-5703.6,2.817e+06,1.2054e+06,0
-5711.3,2.819e+06,1.2062e+06,0
-5744.7,2.8208e+06,1.207e+06,0
-5749.1,2.821e+06,1.2071e+06,0
-5791.3,2.823e+06,1.208e+06,0
-5851.5,2.825e+06,1.2088e+06,0
-5864.6,2.8254e+06,1.209e+06,0
-5910,2.827e+06,1.2097e+06,0
-5954.9,2.829e+06,1.2105e+06,0
-5974.5,2.8301e+06,1.211e+06,0
-5986.2,2.831e+06,1.2114e+06,0
-5998.2,2.833e+06,1.2122e+06,0
-6003.6,2.8348e+06,1.213e+06,0
-6003.3,2.835e+06,1.2131e+06,0
-5995.2,2.837e+06,1.214e+06,0
-5983.6,2.839e+06,1.2148e+06,0
-5979.1,2.8395e+06,1.215e+06,0
-5965.6,2.841e+06,1.2157e+06,0
-5936.9,2.843e+06,1.2165e+06,0
-5917.3,2.8441e+06,1.217e+06,0
-5903.4,2.845e+06,1.2174e+06,0
-5861.5,2.847e+06,1.2182e+06,0
-5824.9,2.8488e+06,1.219e+06,0
-5820.5,2.849e+06,1.2191e+06,0
-5775.9,2.851e+06,1.2199e+06,0
-5765.4,2.853e+06,1.2208e+06,0
-5765.6,2.8535e+06,1.221e+06,0
-5768.4,2.855e+06,1.2217e+06,0
-5740.1,2.857e+06,1.2225e+06,0
-5733.5,2.8581e+06,1.223e+06,0
-5724.2,2.859e+06,1.2234e+06,0
-5702.1,2.861e+06,1.2242e+06,0
-5697.1,2.8628e+06,1.225e+06,0
-5696.9,2.863e+06,1.2251e+06,0
-5707.3,2.865e+06,1.2259e+06,0
-5724.6,2.867e+06,1.2268e+06,0
-5732.8,2.8675e+06,1.227e+06,0
-5755.9,2.869e+06,1.2276e+06,0
-5789.5,2.871e+06,1.2285e+06,0
-5806.5,2.8722e+06,1.229e+06,0
-5815.5,2.873e+06,1.2294e+06,0
-5822.5,2.875e+06,1.2302e+06,0
-5813.6,2.8768e+06,1.231e+06,0
-5812.3,2.877e+06,1.2311e+06,0
-5794.3,2.879e+06,1.2319e+06,0
-5770.2,2.881e+06,1.2328e+06,0
-5763.4,2.8815e+06,1.233e+06,0
-5741.9,2.883e+06,1.2336e+06,0
-5709.4,2.885e+06,1.2345e+06,0
-5687,2.8862e+06,1.235e+06,0
-5671.8,2.887e+06,1.2353e+06,0
-5629.4,2.889e+06,1.2362e+06,0
-5593.7,2.8909e+06,1.237e+06,0
-5590.2,2.891e+06,1.2371e+06,0
-5582.3,2.893e+06,1.2379e+06,0
-5568.5,2.895e+06,1.2388e+06,0
-5566.8,2.8955e+06,1.239e+06,0
-5573.1,2.897e+06,1.2396e+06,0
-5577,2.899e+06,1.2405e+06,0
-5575.9,2.9002e+06,1.241e+06,0
-5576.2,2.901e+06,1.2413e+06,0
-5579,2.903e+06,1.2422e+06,0
-5576,2.9049e+06,1.243e+06,0
-5575.9,2.905e+06,1.243e+06,0
-5587.9,2.907e+06,1.2439e+06,0
-5617,2.909e+06,1.2448e+06,0
-5628.6,2.9096e+06,1.245e+06,0
-5659.6,2.911e+06,1.2456e+06,0
-5709.7,2.913e+06,1.2465e+06,0
-5733.9,2.9142e+06,1.247e+06,0
-5749.1,2.915e+06,1.2473e+06,0
-5767,2.917e+06,1.2482e+06,0
-5752.3,2.9189e+06,1.249e+06,0
-5751.2,2.919e+06,1.249e+06,0
-5719.9,2.921e+06,1.2499e+06,0
-5676.7,2.923e+06,1.2508e+06,0
-5667.3,2.9236e+06,1.251e+06,0
-5660.1,2.925e+06,1.2516e+06,0
-5658.3,2.927e+06,1.2525e+06,0
-5635,2.9283e+06,1.253e+06,0
-5616.7,2.929e+06,1.2533e+06,0
-5650.5,2.931e+06,1.2542e+06,0
-5715.6,2.9329e+06,1.255e+06,0
-5718.6,2.933e+06,1.255e+06,0
-5800.3,2.935e+06,1.2559e+06,0
-5867.9,2.937e+06,1.2567e+06,0
-5884.2,2.9376e+06,1.257e+06,0
-5915.5,2.939e+06,1.2576e+06,0
-5939.8,2.941e+06,1.2585e+06,0
-5941.3,2.9423e+06,1.259e+06,0
-5938.4,2.943e+06,1.2593e+06,0
-5904.9,2.945e+06,1.2602e+06,0
-5867.7,2.947e+06,1.261e+06,0
-5866.6,2.947e+06,1.261e+06,0
-5818.2,2.949e+06,1.2619e+06,0
-5791.9,2.951e+06,1.2627e+06,0
-5787,2.9516e+06,1.263e+06,0
-5778.9,2.953e+06,1.2636e+06,0
-5798.2,2.955e+06,1.2644e+06,0
-5826.9,2.9563e+06,1.265e+06,0
-5838.1,2.957e+06,1.2653e+06,0
-5881.8,2.959e+06,1.2662e+06,0
-5898.4,2.961e+06,1.267e+06,0
-5898.6,2.961e+06,1.267e+06,0
-5950.5,2.963e+06,1.2679e+06,0
-6025.2,2.965e+06,1.2687e+06,0
-6053.2,2.9656e+06,1.269e+06,0
-6110.5,2.967e+06,1.2696e+06,0
-6177.4,2.969e+06,1.2704e+06,0
-6215.5,2.9703e+06,1.271e+06,0
-6235.9,2.971e+06,1.2713e+06,0
-6259.1,2.973e+06,1.2721e+06,0
-6218.4,2.975e+06,1.273e+06,0
-6218.3,2.975e+06,1.273e+06,0
-6090.9,2.977e+06,1.2739e+06,0
-5896.3,2.979e+06,1.2747e+06,0
-5822.2,2.9797e+06,1.275e+06,0
-5663.7,2.981e+06,1.2756e+06,0
-5442.4,2.983e+06,1.2764e+06,0
-5321.6,2.9843e+06,1.277e+06,0
-5259.9,2.985e+06,1.2773e+06,0
-5160.9,2.987e+06,1.2781e+06,0
-5122.1,2.989e+06,1.279e+06,0
-5122.5,2.989e+06,1.279e+06,0
-5173.7,2.991e+06,1.2798e+06,0
-5277,2.993e+06,1.2807e+06,0
-5319.9,2.9937e+06,1.281e+06,0
-5416.1,2.995e+06,1.2816e+06,0
-5563.8,2.997e+06,1.2824e+06,0
-5649,2.9984e+06,1.283e+06,0
-5690.2,2.999e+06,1.2833e+06,0
-5759.3,3.001e+06,1.2841e+06,0
-5793.6,3.003e+06,1.285e+06,0
-5792.9,3.003e+06,1.285e+06,0
-5736.2,3.005e+06,1.2858e+06,0
-5710.8,3.007e+06,1.2867e+06,0
-5689.3,3.0077e+06,1.287e+06,0
-5643.1,3.009e+06,1.2876e+06,0
-5506.7,3.011e+06,1.2884e+06,0
-5450.5,3.0124e+06,1.289e+06,0
-5420.7,3.013e+06,1.2893e+06,0
-5416.3,3.015e+06,1.2901e+06,0
-5477.4,3.017e+06,1.291e+06,0
-5479.9,3.0171e+06,1.291e+06,0
-5551.8,3.019e+06,1.2918e+06,0
-5619.1,3.021e+06,1.2927e+06,0
-5632.9,3.0217e+06,1.293e+06,0
-5642.8,3.023e+06,1.2935e+06,0
-5639.2,3.025e+06,1.2944e+06,0
-5625.5,3.0264e+06,1.295e+06,0
-5619.1,3.027e+06,1.2953e+06,0
-5600.6,3.029e+06,1.2961e+06,0
-5596.5,3.031e+06,1.297e+06,0
-5596.6,3.0311e+06,1.297e+06,0
-5604.9,3.033e+06,1.2978e+06,0
-5635.2,3.035e+06,1.2987e+06,0
-5646.9,3.0358e+06,1.299e+06,0
-5667.6,3.037e+06,1.2995e+06,0
-5689.8,3.039e+06,1.3004e+06,0
-5724,3.0404e+06,1.301e+06,0
-5734.7,3.041e+06,1.3012e+06,0
-5791.9,3.043e+06,1.3021e+06,0
-5839.2,3.045e+06,1.303e+06,0
-5840.4,3.0451e+06,1.303e+06,0
-5853.3,3.047e+06,1.3038e+06,0
-5859.9,3.049e+06,1.3047e+06,0
-5854.1,3.0498e+06,1.305e+06,0
-5837.8,3.051e+06,1.3055e+06,0
-5785.3,3.053e+06,1.3064e+06,0
-5725.5,3.0545e+06,1.307e+06,0
-5701.9,3.055e+06,1.3072e+06,0
-5612.7,3.057e+06,1.3081e+06,0
-5491.3,3.059e+06,1.3089e+06,0
-5484.9,3.0591e+06,1.309e+06,0
-5395.2,3.061e+06,1.3098e+06,0
-5331.3,3.063e+06,1.3107e+06,0
-5325.1,3.0638e+06,1.311e+06,0
-5326,3.065e+06,1.3115e+06,0
-5352.7,3.067e+06,1.3124e+06,0
-5391.2,3.0685e+06,1.313e+06,0
-5408.1,3.069e+06,1.3132e+06,0
-5473.6,3.071e+06,1.3141e+06,0
-5523.1,3.073e+06,1.3149e+06,0
-5525.1,3.0732e+06,1.315e+06,0
-5548,3.075e+06,1.3158e+06,0
-5547.3,3.077e+06,1.3166e+06,0
-5539.1,3.0778e+06,1.317e+06,0
-5525.1,3.079e+06,1.3175e+06,0
-5490.9,3.081e+06,1.3184e+06,0
-5471,3.0825e+06,1.319e+06,0
-5464.9,3.083e+06,1.3192e+06,0
-5455.1,3.085e+06,1.3201e+06,0
-5466.7,3.087e+06,1.3209e+06,0
-5468.7,3.0872e+06,1.321e+06,0
-5493.9,3.089e+06,1.3218e+06,0
-5530.1,3.091e+06,1.3226e+06,0
-5547.5,3.0918e+06,1.323e+06,0
-5576.2,3.093e+06,1.3235e+06,0
-5616,3.095e+06,1.3243e+06,0
-5638.1,3.0965e+06,1.325e+06,0
-5645.4,3.097e+06,1.3252e+06,0
-5675.6,3.099e+06,1.3261e+06,0
-5703.9,3.101e+06,1.3269e+06,0
-5707.1,3.1012e+06,1.327e+06,0
-5735.8,3.103e+06,1.3278e+06,0
-5763.9,3.105e+06,1.3286e+06,0
-5777.5,3.1059e+06,1.329e+06,0
-5793.8,3.107e+06,1.3295e+06,0
-5819.4,3.109e+06,1.3303e+06,0
-5836.9,3.1105e+06,1.331e+06,0
-5841.9,3.111e+06,1.3312e+06,0
-5863.4,3.113e+06,1.3321e+06,0
-5888.4,3.115e+06,1.3329e+06,0
-5891.5,3.1152e+06,1.333e+06,0
-5921.3,3.117e+06,1.3338e+06,0
-5966.6,3.119e+06,1.3346e+06,0
-5991.4,3.1199e+06,1.335e+06,0
-6021.1,3.121e+06,1.3355e+06,0
-6081.5,3.123e+06,1.3363e+06,0
-6120.9,3.1246e+06,1.337e+06,0
-6128,3.125e+06,1.3372e+06,0
-6155.4,3.127e+06,1.338e+06,0
-6179.4,3.129e+06,1.3389e+06,0
-6179.2,3.1292e+06,1.339e+06,0
-6162.9,3.131e+06,1.3398e+06,0
-6135.3,3.133e+06,1.3406e+06,0
-6123.5,3.1339e+06,1.341e+06,0
-6106.7,3.135e+06,1.3415e+06,0
-6087.5,3.137e+06,1.3423e+06,0
-6057.6,3.1386e+06,1.343e+06,0
-6049,3.139e+06,1.3432e+06,0
-6015.2,3.141e+06,1.344e+06,0
-5967.2,3.143e+06,1.3449e+06,0
-5961.1,3.1433e+06,1.345e+06,0
-5913.9,3.145e+06,1.3457e+06,0
-5848,3.147e+06,1.3466e+06,0
-5816.1,3.1479e+06,1.347e+06,0
-5790.1,3.149e+06,1.3475e+06,0
-5717,3.151e+06,1.3483e+06,0
-5586.6,3.1526e+06,1.349e+06,0
-5555.2,3.153e+06,1.3492e+06,0
-5233.2,3.155e+06,1.35e+06,0
-4838.8,3.157e+06,1.3509e+06,0
-4849.3,3.1573e+06,1.351e+06,0
-4990.1,3.159e+06,1.3517e+06,0
-5338.6,3.161e+06,1.3526e+06,0
-5506.2,3.162e+06,1.353e+06,0
-5686.3,3.163e+06,1.3534e+06,0
-5962.7,3.165e+06,1.3543e+06,0
-6147.7,3.1666e+06,1.355e+06,0
-6184.8,3.167e+06,1.3552e+06,0
-6333.2,3.169e+06,1.356e+06,0
-6393.4,3.171e+06,1.3569e+06,0
-6391.5,3.1713e+06,1.357e+06,0
-6361.8,3.173e+06,1.3577e+06,0
-6265.1,3.175e+06,1.3586e+06,0
-6197.3,3.176e+06,1.359e+06,0
-6122.6,3.177e+06,1.3594e+06,0
-5990.1,3.179e+06,1.3603e+06,0
-5886.7,3.1807e+06,1.361e+06,0
-5866.1,3.181e+06,1.3611e+06,0
-5786.9,3.183e+06,1.362e+06,0
-5763,3.185e+06,1.3629e+06,0
-5765.3,3.1853e+06,1.363e+06,0
-5788.4,3.187e+06,1.3637e+06,0
-5868.8,3.189e+06,1.3646e+06,0
-5860.3,3.19e+06,1.365e+06,0
-5835.5,3.191e+06,1.3654e+06,0
-5806.2,3.193e+06,1.3663e+06,0
-5780.2,3.1947e+06,1.367e+06,0
-5773.5,3.195e+06,1.3671e+06,0
-5746.3,3.197e+06,1.368e+06,0
-5740.1,3.199e+06,1.3689e+06,0
-5744.2,3.1993e+06,1.369e+06,0
-5764.1,3.201e+06,1.3697e+06,0
-5813.1,3.203e+06,1.3706e+06,0
-5844.4,3.204e+06,1.371e+06,0
-5874.8,3.205e+06,1.3714e+06,0
-5926.3,3.207e+06,1.3723e+06,0
-5950.5,3.2087e+06,1.373e+06,0
-5954.3,3.209e+06,1.3731e+06,0
-5954.3,3.211e+06,1.374e+06,0
-5927.4,3.213e+06,1.3748e+06,0
-5920.7,3.2134e+06,1.375e+06,0
-5893.5,3.215e+06,1.3757e+06,0
-5864.9,3.217e+06,1.3766e+06,0
-5862.8,3.218e+06,1.377e+06,0
-5862,3.219e+06,1.3774e+06,0
-5884.9,3.221e+06,1.3783e+06,0
-5922.2,3.2227e+06,1.379e+06,0
-5928,3.223e+06,1.3791e+06,0
-5979.2,3.225e+06,1.38e+06,0
-6017.2,3.227e+06,1.3808e+06,0
-6024.8,3.2274e+06,1.381e+06,0
-6048.8,3.229e+06,1.3817e+06,0
-6051.1,3.231e+06,1.3825e+06,0
-6038.8,3.2321e+06,1.383e+06,0
-6026.1,3.233e+06,1.3834e+06,0
-6010.4,3.235e+06,1.3843e+06,0
-6002.6,3.2367e+06,1.385e+06,0
-6001.2,3.237e+06,1.3851e+06,0
-5949.9,3.239e+06,1.386e+06,0
-5921.7,3.241e+06,1.3868e+06,0
-5917.6,3.2414e+06,1.387e+06,0
-5897.3,3.243e+06,1.3877e+06,0
-5892.8,3.245e+06,1.3885e+06,0
-5902,3.2461e+06,1.389e+06,0
-5903.3,3.247e+06,1.3894e+06,0
-5831.9,3.249e+06,1.3902e+06,0
-5705.3,3.2508e+06,1.391e+06,0
-5688.9,3.251e+06,1.3911e+06,0
-5611.3,3.253e+06,1.392e+06,0
-5591.4,3.255e+06,1.3928e+06,0
-5604.7,3.2554e+06,1.393e+06,0
-5662.8,3.257e+06,1.3937e+06,0
-5715.8,3.259e+06,1.3945e+06,0
-5707.6,3.2601e+06,1.395e+06,0
-5686,3.261e+06,1.3954e+06,0
-5602.1,3.263e+06,1.3962e+06,0
-5613.6,3.2648e+06,1.397e+06,0
-5617.2,3.265e+06,1.3971e+06,0
-5722,3.267e+06,1.3979e+06,0
-5832.6,3.269e+06,1.3988e+06,0
-5844.5,3.2695e+06,1.399e+06,0
-5864.6,3.271e+06,1.3997e+06,0
-5882.3,3.273e+06,1.4005e+06,0
-5882.2,3.2741e+06,1.401e+06,0
-5899.4,3.275e+06,1.4014e+06,0
-5880.8,3.277e+06,1.4022e+06,0
-5904.6,3.2788e+06,1.403e+06,0
-5906.5,3.279e+06,1.4031e+06,0
-5829,3.281e+06,1.4039e+06,0
-5792.1,3.283e+06,1.4048e+06,0
-5794.1,3.2835e+06,1.405e+06,0
-5796.8,3.285e+06,1.4057e+06,0
-5688.4,3.287e+06,1.4065e+06,0
-5656.1,3.2882e+06,1.407e+06,0
-5652.7,3.289e+06,1.4074e+06,0
-5675.1,3.291e+06,1.4082e+06,0
-5555.3,3.2928e+06,1.409e+06,0
-5543.1,3.293e+06,1.4091e+06,0
-5569.1,3.295e+06,1.4099e+06,0
-5614.8,3.297e+06,1.4108e+06,0
-5626.1,3.2975e+06,1.411e+06,0
-5660.3,3.299e+06,1.4116e+06,0
-5693.7,3.301e+06,1.4125e+06,0
-5724.7,3.3022e+06,1.413e+06,0
-5739.3,3.303e+06,1.4134e+06,0
-5786,3.305e+06,1.4142e+06,0
-5900.7,3.3068e+06,1.415e+06,0
-5909.1,3.307e+06,1.4151e+06,0
-6120.9,3.309e+06,1.4159e+06,0
-6262.6,3.311e+06,1.4168e+06,0
-6321.1,3.3115e+06,1.417e+06,0
-6502.1,3.313e+06,1.4176e+06,0
-6678,3.315e+06,1.4185e+06,0
-6738.5,3.3162e+06,1.419e+06,0
-6776.2,3.317e+06,1.4193e+06,0
-6807.7,3.319e+06,1.4202e+06,0
-6803.5,3.3209e+06,1.421e+06,0
-6804.3,3.321e+06,1.4211e+06,0
-6757.9,3.323e+06,1.4219e+06,0
-6602.9,3.325e+06,1.4228e+06,0
-6581.9,3.3255e+06,1.423e+06,0
-6536.9,3.327e+06,1.4236e+06,0
-6392.7,3.329e+06,1.4245e+06,0
-6299,3.3302e+06,1.425e+06,0
-6252.4,3.331e+06,1.4253e+06,0
-6235.7,3.333e+06,1.4262e+06,0
-6131.1,3.3349e+06,1.427e+06,0
-6126.5,3.335e+06,1.427e+06,0
-5995.3,3.337e+06,1.4279e+06,0
-5954.4,3.339e+06,1.4288e+06,0
-5904.1,3.3396e+06,1.429e+06,0
-5770.9,3.341e+06,1.4296e+06,0
-5562.8,3.343e+06,1.4305e+06,0
-5449.7,3.3442e+06,1.431e+06,0
-5384.5,3.345e+06,1.4313e+06,0
-5154.5,3.347e+06,1.4322e+06,0
-4914.6,3.3489e+06,1.433e+06,0
-4905.1,3.349e+06,1.433e+06,0
-4826.4,3.351e+06,1.4339e+06,0
-4788.5,3.353e+06,1.4347e+06,0
-4773.4,3.3536e+06,1.435e+06,0
-4775.5,3.355e+06,1.4356e+06,0
-4866.4,3.357e+06,1.4365e+06,0
-4928.7,3.3583e+06,1.437e+06,0
-4978.7,3.359e+06,1.4373e+06,0
-5135.3,3.361e+06,1.4382e+06,0
-5289,3.3629e+06,1.439e+06,0
-5294.6,3.363e+06,1.439e+06,0
-5447.2,3.365e+06,1.4399e+06,0
-5673.3,3.367e+06,1.4407e+06,0
-5717.5,3.3676e+06,1.441e+06,0
-5809.6,3.369e+06,1.4416e+06,0
-5937.2,3.371e+06,1.4424e+06,0
-6006,3.3723e+06,1.443e+06,0
-6037.5,3.373e+06,1.4433e+06,0
-6064.7,3.375e+06,1.4442e+06,0
-6084.3,3.377e+06,1.445e+06,0
-6084.2,3.377e+06,1.445e+06,0
-6069.8,3.379e+06,1.4459e+06,0
-6039.9,3.381e+06,1.4467e+06,0
-6036.9,3.3816e+06,1.447e+06,0
-6008.2,3.383e+06,1.4476e+06,0
-5889.8,3.385e+06,1.4484e+06,0
-5825,3.3863e+06,1.449e+06,0
-5786.9,3.387e+06,1.4493e+06,0
-5774.3,3.389e+06,1.4502e+06,0
-5705.2,3.391e+06,1.451e+06,0
-5705,3.391e+06,1.451e+06,0
-5832.5,3.393e+06,1.4519e+06,0
-6005.4,3.395e+06,1.4527e+06,0
-6082.8,3.3957e+06,1.453e+06,0
-6245.3,3.397e+06,1.4536e+06,0
-6431.7,3.399e+06,1.4544e+06,0
-6493.4,3.4003e+06,1.455e+06,0
-6518.8,3.401e+06,1.4553e+06,0
-6495.5,3.403e+06,1.4561e+06,0
-6379.6,3.405e+06,1.457e+06,0
-6379.3,3.405e+06,1.457e+06,0
-6189.3,3.407e+06,1.4579e+06,0
-5925.4,3.409e+06,1.4587e+06,0
-5810.6,3.4097e+06,1.459e+06,0
-5590.5,3.411e+06,1.4596e+06,0
-5285.8,3.413e+06,1.4604e+06,0
-5124.1,3.4144e+06,1.461e+06,0
-5050.2,3.415e+06,1.4613e+06,0
-4879.7,3.417e+06,1.4621e+06,0
-4808.7,3.419e+06,1.463e+06,0
-4809,3.419e+06,1.463e+06,0
-4832.5,3.421e+06,1.4638e+06,0
-4937.4,3.423e+06,1.4647e+06,0
-4989.2,3.4237e+06,1.465e+06,0
-5073.7,3.425e+06,1.4656e+06,0
-5238.3,3.427e+06,1.4664e+06,0
-5408.3,3.4284e+06,1.467e+06,0
-5482.3,3.429e+06,1.4673e+06,0
-5665.9,3.431e+06,1.4681e+06,0
-5859.1,3.433e+06,1.469e+06,0
-5862.9,3.433e+06,1.469e+06,0
-6026.1,3.435e+06,1.4698e+06,0
-6135.5,3.437e+06,1.4707e+06,0
-6165.4,3.4377e+06,1.471e+06,0
-6226.3,3.439e+06,1.4715e+06,0
-6286.9,3.441e+06,1.4724e+06,0
-6310.9,3.4424e+06,1.473e+06,0
-6324.9,3.443e+06,1.4733e+06,0
-6332.1,3.445e+06,1.4741e+06,0
-6319.2,3.447e+06,1.475e+06,0
-6319.5,3.4471e+06,1.475e+06,0
-6322.2,3.449e+06,1.4758e+06,0
-6279.1,3.451e+06,1.4767e+06,0
-6263.9,3.4517e+06,1.477e+06,0
-6232.7,3.453e+06,1.4775e+06,0
-6183.1,3.455e+06,1.4784e+06,0
-6140.8,3.4564e+06,1.479e+06,0
-6116.2,3.457e+06,1.4792e+06,0
-6021.2,3.459e+06,1.4801e+06,0
-5927.3,3.461e+06,1.481e+06,0
-5923.1,3.4611e+06,1.481e+06,0
-5816.5,3.463e+06,1.4818e+06,0
-5675.9,3.465e+06,1.4827e+06,0
-5629.2,3.4658e+06,1.483e+06,0
-5557.1,3.467e+06,1.4835e+06,0
-5495,3.469e+06,1.4844e+06,0
-5437,3.4704e+06,1.485e+06,0
-5414.9,3.471e+06,1.4852e+06,0
-5400,3.473e+06,1.4861e+06,0
-5407.2,3.475e+06,1.487e+06,0
-5408.1,3.4751e+06,1.487e+06,0
-5427.4,3.477e+06,1.4878e+06,0
-5451.6,3.479e+06,1.4887e+06,0
-5451.1,3.4798e+06,1.489e+06,0
-5444.9,3.481e+06,1.4895e+06,0
-5389.6,3.483e+06,1.4904e+06,0
-5336.2,3.4845e+06,1.491e+06,0
-5314.7,3.485e+06,1.4912e+06,0
-5248.5,3.487e+06,1.4921e+06,0
-5214.8,3.489e+06,1.4929e+06,0
-5211.4,3.4891e+06,1.493e+06,0
-5172.4,3.491e+06,1.4938e+06,0
-5186.6,3.493e+06,1.4947e+06,0
-5180.2,3.4938e+06,1.495e+06,0
-5182.7,3.495e+06,1.4955e+06,0
-5184.6,3.497e+06,1.4964e+06,0
-5179.4,3.4985e+06,1.497e+06,0
-5171.3,3.499e+06,1.4972e+06,0
-5182.7,3.501e+06,1.4981e+06,0
-5193.4,3.503e+06,1.4989e+06,0
-5191.9,3.5032e+06,1.499e+06,0
